Book,Tags
1046265,"['中国', '欧美', '日本', '童话', '小说', '漫画', '生活', '人文社科', '传记', '现代', '青春', '散文诗歌', '历史', '爱情']"
1084336,"['中国', '欧美', '日本', '童话', '小说', '漫画', '生活', '经管', '人文社科', '传记', '古典', '现代', '青春', '散文诗歌', '科幻玄幻']"
1008145,"['中国', '日本', '小说', '漫画', '生活', '人文社科', '传记', '古典', '现代', '散文诗歌', '历史']"
1017143,"['中国', '欧美', '日本', '童话', '小说', '生活', '人文社科', '现代', '青春', '悬疑', '散文诗歌', '历史']"
1040771,"['欧美', '日本', '小说', '漫画', '生活', '科技', '人文社科', '传记', '现代', '青春', '悬疑', '散文诗歌', '武侠', '科幻玄幻', '历史', '爱情']"
1016300,"['中国', '欧美', '小说', '漫画', '经管', '人文社科', '传记', '现代', '青春', '散文诗歌', '网文', '爱情']"
1529893,"['中国', '日本', '小说', '漫画', '生活', '科技', '人文社科', '传记', '现代', '青春', '散文诗歌', '历史']"
1082154,"['中国', '小说', '人文社科', '传记', '现代', '青春', '散文诗歌', '历史']"
1026425,"['中国', '欧美', '小说', '人文社科', '传记', '现代', '青春', '散文诗歌', '网文']"
1066462,"['中国', '日本', '童话', '小说', '漫画', '生活', '人文社科', '传记', '现代', '青春', '散文诗歌']"
1770782,"['中国', '欧美', '日本', '小说', '生活', '人文社科', '传记', '现代', '青春', '历史']"
1400705,"['中国', '欧美', '日本', '小说', '生活', '科技', '人文社科', '传记', '现代', '青春', '散文诗歌', '历史']"
1024217,"['中国', '小说', '科技', '人文社科', '传记', '现代', '青春', '散文诗歌', '武侠', '历史']"
2256039,"['中国', '小说', '漫画', '生活', '经管', '人文社科', '传记', '现代', '青春', '历史']"
4886245,"['中国', '小说', '人文社科', '传记', '现代', '青春', '散文诗歌', '科幻玄幻', '网文', '历史']"
1007305,"['中国', '童话', '小说', '漫画', '生活', '人文社科', '传记', '古典', '青春', '散文诗歌', '历史']"
1401425,"['中国', '小说', '人文社科', '现代', '青春', '历史']"
1065970,"['中国', '小说', '生活', '人文社科', '传记', '现代', '青春', '散文诗歌']"
1090043,"['中国', '童话', '小说', '生活', '人文社科', '现代', '青春', '散文诗歌']"
1029159,"['中国', '小说', '生活', '人文社科', '传记', '现代', '青春', '散文诗歌']"
1082518,"['中国', '欧美', '童话', '小说', '人文社科', '传记', '古典', '现代', '青春', '散文诗歌']"
1030052,"['中国', '小说', '生活', '人文社科', '传记', '现代', '青春', '散文诗歌', '历史']"
1141406,"['中国', '欧美', '日本', '童话', '小说', '漫画', '生活', '人文社科', '传记', '古典', '青春']"
2256438,"['中国', '日本', '童话', '小说', '生活', '人文社科', '传记', '现代', '青春', '散文诗歌']"
2250587,"['中国', '日本', '小说', '漫画', '生活', '人文社科', '现代', '青春', '散文诗歌']"
1465324,"['欧美', '日本', '小说', '生活', '经管', '人文社科', '现代', '青春', '散文诗歌']"
1059419,"['欧美', '日本', '小说', '生活', '经管', '人文社科', '传记', '现代', '青春', '散文诗歌', '科幻玄幻']"
1049219,"['中国', '小说', '漫画', '人文社科', '现代', '青春', '散文诗歌', '武侠', '网文', '爱情']"
1061118,"['中国', '小说', '生活', '人文社科', '现代', '历史']"
1016523,"['中国', '小说', '生活', '科技', '人文社科', '传记', '现代', '青春', '散文诗歌']"
1056733,"['中国', '童话', '小说', '漫画', '人文社科', '传记', '青春', '散文诗歌', '历史']"
1058234,"['中国', '小说', '生活', '人文社科', '传记', '现代', '青春', '散文诗歌']"
1794620,"['欧美', '日本', '童话', '小说', '漫画', '生活', '科技', '人文社科', '传记', '现代', '青春', '散文诗歌', '历史']"
1059406,"['中国', '童话', '小说', '漫画', '人文社科', '传记', '现代', '青春', '武侠', '科幻玄幻', '网文', '爱情']"
1873231,"['中国', '小说', '科技', '人文社科', '传记', '古典', '散文诗歌', '科幻玄幻', '历史']"
1023045,"['中国', '小说', '生活', '人文社科', '传记', '现代', '散文诗歌', '历史']"
1050339,"['中国', '小说', '生活', '人文社科', '传记', '现代', '青春', '散文诗歌', '历史']"
1917972,"['欧美', '小说', '生活', '人文社科', '现代', '青春', '散文诗歌']"
1041007,"['欧美', '童话', '小说', '漫画', '人文社科', '传记', '现代', '青春', '悬疑', '武侠', '科幻玄幻', '爱情']"
1029791,"['中国', '小说', '人文社科', '现代', '青春', '散文诗歌', '科幻玄幻', '历史']"
5275059,"['中国', '日本', '小说', '生活', '人文社科', '传记', '现代', '青春', '散文诗歌', '网文', '历史', '爱情']"
1068920,"['中国', '欧美', '小说', '生活', '人文社科', '传记', '古典', '现代', '青春', '散文诗歌', '历史']"
1083428,"['中国', '欧美', '日本', '童话', '小说', '漫画', '生活', '人文社科', '传记', '古典', '现代', '青春']"
1361264,"['中国', '小说', '生活', '人文社科', '传记', '现代', '青春', '散文诗歌']"
1009257,"['欧美', '童话', '小说', '漫画', '人文社科', '传记', '现代', '青春', '悬疑', '武侠', '科幻玄幻', '爱情']"
1041482,"['中国', '欧美', '小说', '经管', '科技', '人文社科', '传记', '现代', '散文诗歌', '历史']"
1045818,"['欧美', '童话', '小说', '生活', '经管', '科技', '人文社科', '传记', '现代', '青春', '悬疑', '散文诗歌', '科幻玄幻', '历史']"
1071241,"['欧美', '童话', '小说', '漫画', '人文社科', '传记', '现代', '青春', '悬疑', '武侠', '科幻玄幻', '爱情']"
1039487,"['欧美', '童话', '小说', '漫画', '人文社科', '传记', '古典', '现代', '青春', '悬疑', '武侠', '科幻玄幻', '爱情']"
1034108,"['中国', '小说', '漫画', '人文社科', '传记', '现代', '青春', '散文诗歌', '网文']"
1089243,"['中国', '小说', '漫画', '科技', '人文社科', '传记', '现代', '青春', '散文诗歌']"
1346815,"['欧美', '日本', '童话', '小说', '漫画', '生活', '科技', '人文社科', '传记', '青春', '散文诗歌']"
1453210,"['中国', '小说', '传记', '现代', '青春', '散文诗歌', '武侠', '科幻玄幻', '网文', '爱情']"
1063190,"['中国', '小说', '生活', '人文社科', '现代', '青春', '散文诗歌', '历史']"
3259440,"['日本', '小说', '生活', '经管', '人文社科', '现代', '青春', '悬疑', '散文诗歌', '科幻玄幻', '历史']"
1786670,"['中国', '欧美', '日本', '童话', '小说', '漫画', '人文社科', '古典', '现代', '散文诗歌', '科幻玄幻', '历史']"
1703544,"['中国', '小说', '人文社科', '现代', '青春', '历史']"
1358873,"['中国', '童话', '小说', '漫画', '人文社科', '传记', '现代', '青春', '散文诗歌', '历史']"
1003000,"['中国', '童话', '小说', '人文社科', '现代', '青春', '武侠', '科幻玄幻']"
1009160,"['中国', '日本', '小说', '人文社科', '现代', '青春', '散文诗歌', '网文', '爱情']"
1039752,"['日本', '小说', '人文社科', '现代', '青春']"
1255625,"['中国', '童话', '小说', '科技', '人文社科', '古典', '现代', '青春', '悬疑', '武侠', '科幻玄幻']"
1002299,"['中国', '日本', '童话', '小说', '漫画', '生活', '科技', '人文社科', '古典', '现代', '青春', '悬疑', '武侠', '科幻玄幻']"
1119522,"['中国', '欧美', '童话', '小说', '漫画', '生活', '人文社科', '传记', '古典', '青春', '散文诗歌']"
2062200,"['中国', '欧美', '小说', '人文社科', '现代', '青春', '网文', '爱情']"
1049189,"['中国', '欧美', '童话', '小说', '人文社科', '传记', '现代', '青春', '散文诗歌', '武侠', '网文', '爱情']"
1057244,"['中国', '小说', '生活', '人文社科', '传记', '现代', '青春', '散文诗歌']"
1200840,"['中国', '小说', '经管', '人文社科', '传记', '现代', '青春', '散文诗歌', '历史', '爱情']"
1013380,"['中国', '欧美', '日本', '童话', '小说', '漫画', '生活', '人文社科', '传记', '古典', '青春', '散文诗歌']"
1014278,"['中国', '小说', '生活', '人文社科', '现代', '青春', '散文诗歌']"
1013129,"['欧美', '童话', '小说', '漫画', '传记', '现代', '青春', '悬疑', '武侠', '科幻玄幻', '爱情']"
1255624,"['中国', '童话', '小说', '科技', '人文社科', '传记', '古典', '现代', '青春', '武侠', '科幻玄幻', '历史']"
1432596,"['欧美', '童话', '小说', '漫画', '人文社科', '传记', '现代', '青春', '悬疑', '武侠', '科幻玄幻']"
3211779,"['日本', '小说', '人文社科', '现代', '悬疑', '散文诗歌']"
1019568,"['中国', '小说', '科技', '人文社科', '传记', '古典', '散文诗歌', '武侠', '历史']"
1040211,"['中国', '欧美', '日本', '小说', '科技', '人文社科', '传记', '古典', '青春', '悬疑', '散文诗歌', '科幻玄幻']"
1022060,"['中国', '小说', '经管', '人文社科', '传记', '现代', '青春', '散文诗歌', '历史']"
1006881,"['中国', '小说', '漫画', '人文社科', '现代', '青春', '散文诗歌', '网文', '爱情']"
1007914,"['日本', '童话', '小说', '漫画', '人文社科', '传记', '现代', '青春', '散文诗歌']"
1054685,"['中国', '小说', '人文社科', '传记', '现代', '青春', '散文诗歌']"
1059336,"['中国', '小说', '生活', '人文社科', '传记', '现代', '青春', '散文诗歌', '历史']"
2139305,"['欧美', '小说', '生活', '人文社科', '传记', '现代', '青春', '悬疑', '科幻玄幻']"
1082334,"['中国', '小说', '生活', '经管', '人文社科', '传记', '现代', '青春', '散文诗歌', '历史']"
1024197,"['中国', '欧美', '日本', '小说', '人文社科', '传记', '古典', '历史']"
1013225,"['中国', '欧美', '日本', '小说', '人文社科', '现代', '青春', '散文诗歌']"
2295163,"['中国', '欧美', '童话', '小说', '人文社科', '现代', '青春', '悬疑', '武侠', '科幻玄幻']"
4742918,"['日本', '小说', '生活', '人文社科', '现代', '散文诗歌', '科幻玄幻', '历史']"
3394338,"['中国', '小说', '人文社科', '传记', '现代', '青春', '科幻玄幻', '网文']"
1029111,"['中国', '童话', '小说', '生活', '人文社科', '传记', '现代', '青春', '散文诗歌']"
2081876,"['中国', '欧美', '小说', '经管', '科技', '人文社科', '传记', '现代', '悬疑', '散文诗歌', '武侠', '历史']"
2056749,"['欧美', '日本', '童话', '小说', '生活', '人文社科', '现代', '青春', '悬疑', '科幻玄幻']"
3010130,"['中国', '童话', '小说', '生活', '人文社科', '传记', '现代', '青春', '散文诗歌']"
1205370,"['中国', '欧美', '日本', '小说', '生活', '人文社科', '传记', '古典', '青春', '散文诗歌']"
1021847,"['中国', '童话', '小说', '漫画', '生活', '人文社科', '传记', '青春', '散文诗歌']"
1013502,"['欧美', '日本', '小说', '生活', '经管', '人文社科', '传记', '古典', '现代', '青春', '科幻玄幻', '历史']"
1856285,"['中国', '小说', '生活', '人文社科', '传记', '古典', '现代', '青春', '散文诗歌', '历史']"
1006004,"['中国', '童话', '小说', '人文社科', '传记', '现代', '青春', '散文诗歌']"
1424741,"['欧美', '小说', '生活', '人文社科', '现代', '青春', '散文诗歌']"
1863930,"['欧美', '日本', '童话', '小说', '漫画', '生活', '人文社科', '现代', '悬疑', '散文诗歌', '武侠', '历史']"
1085860,"['中国', '欧美', '日本', '童话', '小说', '漫画', '人文社科', '传记', '古典', '青春', '科幻玄幻', '历史']"
1007334,"['中国', '小说', '传记', '青春']"
3616310,"['中国', '小说', '生活', '人文社科', '传记', '现代', '青春', '散文诗歌']"
1044547,"['中国', '童话', '小说', '科技', '人文社科', '传记', '古典', '现代', '青春', '武侠', '科幻玄幻']"
3344676,"['中国', '小说', '生活', '科技', '人文社科', '散文诗歌', '历史']"
1227838,"['中国', '小说', '漫画', '生活', '人文社科', '传记', '现代', '青春', '散文诗歌', '网文', '历史', '爱情']"
1204889,"['日本', '童话', '小说', '漫画', '人文社科', '传记', '青春', '科幻玄幻']"
2243213,"['中国', '小说', '生活', '传记', '现代', '青春', '散文诗歌', '历史']"
1949338,"['中国', '小说', '人文社科', '传记', '散文诗歌', '历史']"
1012203,"['中国', '小说', '人文社科', '传记', '现代', '青春']"
1312333,"['中国', '小说', '生活', '科技', '传记', '现代', '青春', '散文诗歌']"
1926700,"['日本', '小说', '人文社科', '青春', '散文诗歌', '网文', '爱情']"
1389960,"['日本', '小说', '漫画', '人文社科', '传记', '青春', '科幻玄幻']"
1014578,"['中国', '小说', '人文社科', '现代', '散文诗歌']"
1046209,"['欧美', '日本', '童话', '小说', '漫画', '科技', '人文社科', '传记', '古典', '青春', '散文诗歌', '科幻玄幻']"
1023500,"['中国', '小说', '生活', '传记', '现代', '青春', '散文诗歌', '爱情']"
1388169,"['日本', '童话', '小说', '漫画', '人文社科', '传记', '青春', '悬疑', '爱情']"
1011754,"['中国', '生活', '人文社科', '现代', '青春', '散文诗歌', '爱情']"
1851385,"['中国', '欧美', '日本', '小说', '生活', '人文社科', '现代', '青春', '悬疑', '历史']"
1087758,"['中国', '欧美', '小说', '传记', '现代', '青春']"
1018153,"['中国', '小说', '人文社科', '现代', '青春', '爱情']"
1016003,"['欧美', '日本', '童话', '小说', '生活', '古典', '科幻玄幻']"
1022238,"['欧美', '日本', '小说', '生活', '科技', '人文社科', '散文诗歌', '历史']"
2567698,"['中国', '小说', '科技', '人文社科', '现代', '悬疑', '散文诗歌', '武侠', '科幻玄幻', '历史']"
1003284,"['中国', '生活', '人文社科', '现代', '散文诗歌']"
3813669,"['中国', '欧美', '小说', '漫画', '科技', '人文社科', '散文诗歌', '历史']"
2034893,"['中国', '小说', '漫画', '生活', '人文社科', '传记', '现代', '青春', '散文诗歌', '爱情']"
1291809,"['日本', '小说', '人文社科', '现代', '青春', '散文诗歌', '科幻玄幻']"
1292416,"['欧美', '童话', '小说', '人文社科', '古典', '现代', '悬疑', '散文诗歌', '科幻玄幻']"
1031740,"['日本', '小说', '生活', '人文社科', '现代', '青春', '科幻玄幻']"
1794844,"['中国', '童话', '小说', '漫画', '生活', '人文社科', '现代', '青春', '散文诗歌']"
1064275,"['欧美', '日本', '小说', '漫画', '古典', '现代']"
1021056,"['欧美', '童话', '小说', '漫画', '生活', '经管', '科技', '人文社科', '现代', '青春']"
1070851,"['中国', '小说', '人文社科', '古典', '现代', '青春', '悬疑', '武侠', '科幻玄幻']"
1080370,"['日本', '小说', '传记', '现代', '青春']"
1020670,"['日本', '小说', '生活', '人文社科', '现代', '青春']"
1421921,"['日本', '小说', '漫画', '科技', '传记', '青春', '悬疑', '科幻玄幻', '爱情']"
2133556,"['中国', '小说', '人文社科', '现代', '青春', '散文诗歌', '科幻玄幻', '网文']"
1212893,"['中国', '童话', '小说', '科技', '人文社科', '古典', '现代', '青春', '武侠', '科幻玄幻', '历史']"
1367458,"['中国', '童话', '漫画', '人文社科', '传记', '青春', '散文诗歌']"
1062326,"['中国', '小说', '人文社科', '现代', '青春', '科幻玄幻']"
1431836,"['中国', '童话', '小说', '漫画', '生活', '人文社科', '青春', '散文诗歌']"
1758767,"['日本', '童话', '小说', '漫画', '人文社科', '传记', '现代', '青春']"
1159939,"['中国', '欧美', '小说', '生活', '科技', '人文社科', '古典', '现代', '青春']"
1082387,"['中国', '欧美', '童话', '小说', '漫画', '人文社科', '现代', '科幻玄幻', '历史']"
1047138,"['中国', '欧美', '小说', '人文社科', '传记', '古典', '青春', '散文诗歌']"
1063245,"['中国', '小说', '人文社科', '现代', '青春', '散文诗歌', '网文']"
1358413,"['中国', '童话', '小说', '漫画', '人文社科', '传记', '现代', '青春']"
1213546,"['中国', '欧美', '日本', '童话', '小说', '漫画', '人文社科', '古典', '现代', '散文诗歌', '科幻玄幻']"
1221515,"['日本', '小说', '漫画', '人文社科', '传记', '青春']"
1080309,"['中国', '小说', '经管', '人文社科', '古典', '现代', '青春', '散文诗歌', '科幻玄幻', '历史']"
1015452,"['日本', '小说', '漫画', '人文社科', '传记', '现代', '青春']"
1461903,"['中国', '小说', '生活', '现代', '青春', '爱情']"
1848256,"['日本', '小说', '人文社科', '古典', '现代', '青春', '散文诗歌', '科幻玄幻']"
1775691,"['欧美', '小说', '生活', '经管', '科技', '人文社科', '青春', '散文诗歌']"
1125186,"['中国', '小说', '生活', '人文社科', '现代', '青春', '散文诗歌']"
1449351,"['中国', '小说', '人文社科', '传记', '现代', '青春', '散文诗歌', '历史']"
1054889,"['中国', '小说', '生活', '人文社科', '传记', '现代', '散文诗歌', '历史']"
1028916,"['中国', '小说', '现代', '青春', '科幻玄幻']"
2052448,"['中国', '小说', '人文社科', '传记', '历史']"
1941558,"['日本', '小说', '经管', '科技', '人文社科', '历史']"
3311009,"['中国', '小说', '人文社科', '传记', '现代', '青春', '散文诗歌']"
1882933,"['中国', '小说', '生活', '人文社科', '现代', '悬疑', '武侠', '科幻玄幻', '历史']"
1082150,"['中国', '小说', '人文社科', '现代', '散文诗歌', '科幻玄幻']"
2143304,"['中国', '小说', '生活', '人文社科', '现代', '青春', '散文诗歌', '历史']"
1082162,"['中国', '小说', '生活', '人文社科', '现代', '青春', '散文诗歌']"
1005521,"['中国', '日本', '小说', '生活', '人文社科', '现代', '青春', '散文诗歌']"
2022979,"['中国', '小说', '生活', '人文社科', '现代', '青春', '散文诗歌']"
1043008,"['欧美', '日本', '童话', '小说', '漫画', '科技', '人文社科', '传记', '古典', '科幻玄幻']"
1070441,"['中国', '童话', '小说', '漫画', '人文社科', '传记', '青春', '散文诗歌']"
1020459,"['中国', '童话', '小说', '人文社科', '传记', '现代', '青春', '散文诗歌', '武侠', '科幻玄幻']"
1878708,"['中国', '欧美', '小说', '漫画', '生活', '人文社科', '传记', '现代', '青春', '散文诗歌', '爱情']"
1029553,"['中国', '童话', '小说', '人文社科', '古典', '青春', '散文诗歌', '科幻玄幻', '历史']"
1012802,"['中国', '小说', '现代', '青春', '散文诗歌']"
1007433,"['欧美', '日本', '童话', '小说', '漫画', '生活', '人文社科', '古典', '历史']"
1085883,"['中国', '小说', '人文社科', '现代', '青春', '散文诗歌', '科幻玄幻']"
1228110,"['中国', '欧美', '小说', '生活', '科技', '人文社科', '传记', '现代', '悬疑', '科幻玄幻', '历史']"
1401841,"['欧美', '日本', '小说', '生活', '现代', '青春']"
3369600,"['日本', '小说', '人文社科', '传记', '现代', '青春', '散文诗歌']"
1082406,"['中国', '小说', '人文社科', '传记', '现代', '青春']"
4113090,"['中国', '小说', '生活', '人文社科', '传记', '现代', '散文诗歌', '历史']"
1919072,"['中国', '欧美', '小说', '生活', '经管', '科技', '人文社科', '现代']"
1767945,"['中国', '小说', '漫画', '人文社科', '现代', '青春', '散文诗歌']"
4885241,"['日本', '小说', '生活', '人文社科', '现代', '青春', '散文诗歌', '科幻玄幻']"
1336968,"['日本', '童话', '小说', '漫画', '生活', '人文社科', '青春']"
1283273,"['中国', '日本', '小说', '人文社科', '现代', '青春']"
1367964,"['中国', '童话', '小说', '漫画', '生活', '人文社科', '青春', '散文诗歌']"
1008357,"['中国', '童话', '小说', '人文社科', '古典', '散文诗歌', '武侠', '历史']"
2253642,"['中国', '小说', '人文社科', '传记', '历史']"
1060068,"['中国', '小说', '生活', '人文社科', '传记', '现代', '青春', '散文诗歌']"
1086249,"['欧美', '小说', '生活', '人文社科', '传记', '现代', '青春', '散文诗歌']"
1396339,"['中国', '欧美', '日本', '小说', '漫画', '生活', '经管', '人文社科', '青春', '爱情']"
1858513,"['欧美', '小说', '生活', '人文社科', '传记', '散文诗歌']"
1056868,"['日本', '小说', '漫画', '生活', '人文社科', '传记', '散文诗歌', '历史']"
2082194,"['中国', '欧美', '童话', '小说', '漫画', '生活', '人文社科', '传记', '现代', '青春', '散文诗歌', '历史', '爱情']"
1018136,"['中国', '欧美', '童话', '小说', '人文社科', '现代', '科幻玄幻', '历史']"
3646172,"['日本', '小说', '现代', '青春', '悬疑', '散文诗歌', '武侠', '科幻玄幻']"
2053249,"['欧美', '小说', '人文社科', '现代', '青春']"
3323987,"['中国', '小说', '漫画', '生活', '经管', '人文社科', '传记', '现代', '青春']"
1867642,"['中国', '欧美', '小说', '经管', '科技', '人文社科', '散文诗歌', '历史']"
4238362,"['中国', '欧美', '小说', '生活', '人文社科', '现代', '散文诗歌', '历史']"
3642673,"['中国', '小说', '人文社科', '传记', '青春', '散文诗歌']"
1031741,"['中国', '欧美', '小说', '传记', '古典']"
1858576,"['中国', '欧美', '小说', '生活', '人文社科', '现代', '悬疑', '科幻玄幻', '历史']"
3369793,"['中国', '欧美', '小说', '生活', '科技', '人文社科', '传记', '现代', '青春', '散文诗歌', '历史']"
1027191,"['中国', '欧美', '小说', '生活', '经管', '科技', '人文社科', '传记', '现代', '散文诗歌', '历史']"
1020241,"['中国', '小说', '生活', '经管', '人文社科', '传记', '现代', '青春', '散文诗歌', '历史']"
1401840,"['日本', '童话', '漫画', '人文社科', '传记', '青春', '悬疑', '科幻玄幻', '爱情']"
1082138,"['中国', '小说', '人文社科', '传记', '现代', '青春', '散文诗歌']"
1027247,"['中国', '小说', '经管', '科技', '人文社科', '现代', '散文诗歌', '历史']"
1058661,"['欧美', '日本', '童话', '小说', '人文社科', '古典', '现代', '散文诗歌']"
1316648,"['欧美', '小说', '生活', '科技', '人文社科', '传记', '古典', '散文诗歌']"
3066477,"['中国', '小说', '科技', '人文社科', '现代', '青春', '悬疑', '散文诗歌', '武侠', '科幻玄幻', '历史', '爱情']"
2171321,"['欧美', '童话', '漫画', '科技', '人文社科', '青春']"
3010133,"['中国', '小说', '生活', '人文社科', '现代', '青春', '散文诗歌', '爱情']"
2209098,"['中国', '小说', '人文社科', '现代', '青春']"
1015699,"['中国', '欧美', '小说', '经管', '科技', '人文社科', '传记', '历史']"
1915536,"['中国', '日本', '小说', '人文社科', '传记', '青春', '历史', '爱情']"
2143732,"['欧美', '小说', '生活', '人文社科', '现代', '青春', '历史']"
1082398,"['中国', '小说', '漫画', '生活', '人文社科', '传记', '现代', '青春', '散文诗歌', '网文', '爱情']"
1057206,"['欧美', '小说', '科技', '人文社科', '现代', '悬疑', '科幻玄幻', '历史']"
1074841,"['中国', '欧美', '童话', '小说', '生活', '现代', '青春', '散文诗歌']"
1205054,"['欧美', '日本', '小说', '人文社科', '古典']"
1049354,"['中国', '童话', '小说', '漫画', '生活', '人文社科', '传记', '青春']"
1067907,"['中国', '小说', '生活', '人文社科', '传记', '现代', '青春', '历史']"
1079440,"['日本', '小说', '人文社科', '现代', '青春']"
1044663,"['中国', '小说', '人文社科', '现代', '散文诗歌']"
2180619,"['欧美', '童话', '小说', '人文社科', '现代', '青春', '科幻玄幻', '历史']"
1033825,"['中国', '童话', '小说', '人文社科', '传记', '古典', '现代', '青春', '散文诗歌']"
1474688,"['日本', '漫画', '传记', '青春', '科幻玄幻']"
1914636,"['日本', '小说', '生活', '人文社科', '传记', '现代', '散文诗歌', '历史']"
3191328,"['中国', '小说', '青春', '网文', '爱情']"
1914572,"['中国', '童话', '小说', '生活', '人文社科', '传记', '现代', '青春', '散文诗歌', '科幻玄幻', '历史']"
1031575,"['中国', '日本', '童话', '漫画', '人文社科', '青春']"
2339950,"['中国', '日本', '小说', '生活', '人文社科', '现代', '青春', '散文诗歌', '历史']"
1085799,"['中国', '小说', '人文社科', '传记', '现代', '青春', '散文诗歌', '科幻玄幻', '历史']"
1143694,"['中国', '小说', '传记', '现代', '青春']"
1013416,"['中国', '小说', '人文社科', '传记', '现代', '青春', '散文诗歌']"
1069848,"['中国', '童话', '小说', '漫画', '生活', '人文社科', '现代', '青春', '散文诗歌']"
1059937,"['中国', '童话', '小说', '漫画', '人文社科', '传记', '青春']"
1767388,"['日本', '小说', '漫画', '青春', '悬疑', '科幻玄幻']"
1025753,"['中国', '小说', '生活', '人文社科', '传记', '现代', '历史']"
3009821,"['中国', '小说', '经管', '科技', '人文社科', '传记', '历史']"
1043201,"['中国', '小说', '漫画', '传记', '现代', '青春']"
4074636,"['日本', '小说', '生活', '青春', '悬疑', '科幻玄幻']"
1051193,"['中国', '欧美', '日本', '童话', '小说', '科技', '传记', '现代', '散文诗歌', '武侠']"
1008074,"['日本', '小说', '人文社科', '现代']"
1048007,"['欧美', '生活', '经管', '科技', '人文社科']"
1069685,"['中国', '小说', '生活', '人文社科', '传记', '现代', '青春', '散文诗歌']"
1068308,"['中国', '童话', '小说', '人文社科', '现代', '青春', '武侠', '科幻玄幻']"
1981355,"['中国', '欧美', '小说', '生活', '经管', '人文社科', '传记', '现代', '青春', '历史']"
2340100,"['中国', '小说', '生活', '经管', '科技', '人文社科']"
1051797,"['中国', '小说', '生活', '现代', '青春']"
3033668,"['中国', '小说', '生活', '经管', '人文社科', '传记', '现代', '青春', '散文诗歌', '历史']"
1056461,"['中国', '欧美', '小说', '生活', '人文社科', '散文诗歌']"
1948901,"['中国', '小说', '生活', '人文社科', '现代', '青春', '悬疑', '科幻玄幻', '爱情']"
1013248,"['中国', '童话', '小说', '漫画', '人文社科']"
1036274,"['欧美', '童话', '小说', '漫画', '人文社科', '现代', '青春', '散文诗歌', '科幻玄幻']"
2257188,"['中国', '小说', '生活', '人文社科', '传记', '现代', '青春', '散文诗歌']"
1046385,"['中国', '小说', '生活', '人文社科', '现代', '青春', '散文诗歌', '网文']"
2382705,"['中国', '小说', '生活', '人文社科', '传记', '青春', '散文诗歌', '历史', '爱情']"
1015584,"['中国', '小说', '人文社科', '传记', '现代', '青春']"
1394253,"['日本', '小说', '漫画', '人文社科', '青春', '悬疑']"
1201821,"['欧美', '小说', '科技', '人文社科', '现代']"
1970428,"['中国', '小说', '生活', '经管', '科技', '人文社科', '传记', '现代', '散文诗歌', '历史']"
2061644,"['欧美', '日本', '小说', '生活', '现代', '青春']"
3181927,"['日本', '小说', '漫画', '生活', '科技', '人文社科']"
1041550,"['中国', '小说', '人文社科', '传记', '现代', '青春', '散文诗歌', '网文', '爱情']"
3071717,"['中国', '小说', '生活', '人文社科', '传记', '现代', '青春', '散文诗歌']"
1903968,"['中国', '小说', '生活', '人文社科', '传记', '现代', '散文诗歌', '历史']"
1043815,"['中国', '小说', '人文社科', '现代', '散文诗歌', '历史']"
3014576,"['中国', '童话', '小说', '漫画', '人文社科', '传记', '青春', '散文诗歌']"
1180102,"['日本', '童话', '漫画', '青春', '悬疑', '散文诗歌', '科幻玄幻', '爱情']"
4741216,"['中国', '小说', '漫画', '生活', '经管', '科技', '人文社科', '传记', '现代', '青春', '武侠', '历史']"
1076045,"['中国', '小说', '人文社科', '现代', '青春', '悬疑', '武侠', '科幻玄幻']"
1777823,"['中国', '小说', '经管', '科技', '人文社科', '传记', '现代', '青春', '散文诗歌', '历史']"
1041616,"['中国', '小说', '人文社科', '传记', '现代', '青春', '散文诗歌', '历史']"
3995526,"['中国', '小说', '生活', '人文社科', '现代', '散文诗歌']"
1088065,"['中国', '小说', '漫画', '人文社科', '传记', '现代']"
1337297,"['日本', '小说', '漫画', '人文社科', '传记', '青春']"
1829226,"['欧美', '小说', '人文社科', '现代', '悬疑']"
2035179,"['欧美', '童话', '小说', '生活', '人文社科', '现代', '科幻玄幻', '历史']"
1985223,"['中国', '童话', '小说', '生活', '人文社科', '现代', '散文诗歌']"
1440089,"['中国', '小说', '漫画', '人文社科', '传记', '现代', '青春', '散文诗歌', '历史', '爱情']"
1018577,"['中国', '小说', '生活', '人文社科', '现代', '青春', '散文诗歌']"
1426971,"['中国', '小说', '生活', '人文社科', '现代', '散文诗歌', '历史']"
2160556,"['中国', '童话', '经管', '科技', '人文社科', '传记', '青春', '悬疑', '散文诗歌', '科幻玄幻', '历史']"
1926103,"['中国', '小说', '人文社科', '现代', '悬疑', '武侠', '科幻玄幻', '历史']"
1436348,"['中国', '小说', '生活', '现代', '青春', '散文诗歌']"
2297697,"['日本', '童话', '小说', '生活', '悬疑', '武侠', '科幻玄幻']"
1015403,"['中国', '小说', '生活', '科技', '人文社科', '传记', '现代', '散文诗歌', '历史']"
1291760,"['中国', '小说', '现代', '青春', '爱情']"
1020959,"['日本', '小说', '人文社科', '现代', '青春', '爱情']"
1045247,"['中国', '小说', '生活', '人文社科', '现代', '青春', '散文诗歌']"
1581547,"['日本', '小说', '漫画', '传记', '青春', '科幻玄幻']"
1916726,"['中国', '小说', '人文社科', '现代', '悬疑', '武侠', '科幻玄幻', '历史']"
1469051,"['中国', '小说', '传记', '现代', '青春', '散文诗歌']"
1440589,"['日本', '小说', '漫画', '人文社科', '青春', '悬疑', '武侠', '历史', '爱情']"
1001885,"['中国', '欧美', '小说', '生活', '人文社科', '现代', '散文诗歌', '历史']"
1481362,"['日本', '漫画', '生活', '人文社科', '传记', '青春']"
1400707,"['中国', '欧美', '日本', '小说', '生活', '人文社科', '传记', '现代', '散文诗歌', '科幻玄幻']"
3191044,"['日本', '小说', '科技', '人文社科', '科幻玄幻']"
1002898,"['中国', '欧美', '童话', '小说', '漫画', '人文社科', '传记', '青春', '散文诗歌']"
1803022,"['欧美', '小说', '生活', '人文社科', '古典', '青春', '散文诗歌', '历史']"
1941301,"['中国', '童话', '小说', '科技', '人文社科', '传记', '现代', '青春', '悬疑', '科幻玄幻']"
1963310,"['中国', '小说', '生活', '青春', '散文诗歌', '爱情']"
1358416,"['中国', '童话', '小说', '漫画', '人文社科', '散文诗歌']"
1006073,"['中国', '小说', '漫画', '生活', '人文社科', '传记', '现代', '青春', '散文诗歌']"
1331571,"['中国', '小说', '漫画', '人文社科', '传记', '现代', '青春', '网文', '爱情']"
3009033,"['中国', '小说', '经管', '人文社科', '传记', '现代', '青春', '散文诗歌', '网文', '历史']"
1025336,"['欧美', '日本', '小说', '人文社科', '现代', '散文诗歌']"
2154960,"['欧美', '小说', '生活', '人文社科', '古典']"
1949068,"['中国', '小说', '生活', '人文社科', '传记', '青春', '散文诗歌', '历史']"
1467776,"['中国', '欧美', '小说', '人文社科', '现代', '青春', '历史']"
2363651,"['中国', '生活', '经管', '人文社科']"
1028270,"['中国', '童话', '小说', '漫画', '传记', '现代', '武侠', '科幻玄幻']"
4010969,"['欧美', '日本', '小说', '人文社科', '现代', '散文诗歌']"
1013001,"['中国', '童话', '小说', '漫画', '人文社科', '传记', '青春', '散文诗歌']"
1055976,"['中国', '小说', '人文社科', '现代', '青春', '武侠', '科幻玄幻']"
1092149,"['欧美', '小说', '人文社科', '传记', '青春', '散文诗歌']"
1006560,"['中国', '小说', '经管', '科技', '人文社科', '现代', '历史']"
5363767,"['中国', '童话', '小说', '科技', '人文社科', '现代', '悬疑', '散文诗歌', '科幻玄幻']"
1440468,"['日本', '小说', '漫画', '青春', '悬疑', '科幻玄幻']"
3608170,"['中国', '欧美', '童话', '小说', '漫画', '生活', '科技', '人文社科']"
1203251,"['中国', '欧美', '日本', '小说', '古典', '青春', '散文诗歌']"
1061367,"['中国', '日本', '童话', '漫画', '人文社科']"
1019428,"['日本', '小说', '科技', '人文社科', '传记', '现代', '青春']"
1000482,"['中国', '小说', '生活', '人文社科', '传记', '现代', '散文诗歌', '历史']"
1226062,"['日本', '漫画', '青春', '悬疑', '爱情']"
1047851,"['中国', '小说', '生活', '现代', '青春', '散文诗歌']"
1096790,"['中国', '小说', '人文社科', '现代', '青春', '散文诗歌', '历史']"
1052828,"['中国', '欧美', '日本', '小说', '人文社科', '现代', '青春', '历史']"
4011440,"['欧美', '小说', '生活', '人文社科', '现代', '青春', '散文诗歌']"
1417905,"['中国', '小说', '人文社科', '传记', '现代', '青春', '散文诗歌', '科幻玄幻']"
1819974,"['中国', '童话', '漫画', '生活', '人文社科', '青春']"
2243692,"['欧美', '小说', '人文社科', '传记', '散文诗歌']"
1053759,"['欧美', '日本', '小说', '人文社科', '古典', '现代', '散文诗歌']"
2042966,"['中国', '童话', '小说', '生活', '现代', '青春', '散文诗歌', '爱情']"
1963684,"['中国', '小说', '生活', '人文社科', '现代', '青春', '散文诗歌']"
1938591,"['中国', '小说', '人文社科', '现代', '悬疑', '武侠', '科幻玄幻', '历史']"
1255288,"['中国', '日本', '小说', '人文社科', '古典']"
1035362,"['欧美', '日本', '小说', '现代', '青春']"
1859140,"['中国', '小说', '生活', '人文社科', '传记', '现代', '青春', '散文诗歌', '历史']"
1008988,"['欧美', '日本', '小说', '人文社科', '现代', '青春', '历史']"
1033778,"['欧美', '日本', '小说', '经管', '科技', '人文社科', '传记', '青春']"
1062193,"['欧美', '经管', '科技', '人文社科', '现代', '历史']"
1085470,"['中国', '欧美', '小说', '科技', '青春', '科幻玄幻']"
1001193,"['日本', '童话', '小说', '漫画', '生活', '人文社科', '传记', '青春', '散文诗歌']"
1025723,"['中国', '小说', '经管', '科技', '人文社科', '现代', '散文诗歌', '历史']"
1439216,"['日本', '童话', '漫画', '人文社科', '传记', '青春', '科幻玄幻', '爱情']"
1223575,"['中国', '小说', '生活', '经管', '人文社科', '传记', '现代', '散文诗歌', '历史']"
1021425,"['中国', '童话', '漫画', '人文社科', '传记', '现代']"
1440101,"['中国', '小说', '人文社科', '传记', '现代', '青春', '散文诗歌', '网文']"
1212080,"['日本', '小说', '人文社科', '现代', '青春', '科幻玄幻']"
2336093,"['日本', '童话', '小说', '漫画', '现代', '青春', '悬疑', '科幻玄幻']"
1010464,"['中国', '科技', '人文社科', '传记', '古典', '历史']"
1034282,"['欧美', '科技', '人文社科', '科幻玄幻']"
1082399,"['中国', '欧美', '小说', '生活', '人文社科', '传记', '现代', '青春', '散文诗歌']"
1418686,"['中国', '小说', '人文社科', '现代', '散文诗歌', '科幻玄幻']"
1440345,"['日本', '小说', '现代', '青春', '爱情']"
1418180,"['中国', '小说', '漫画', '人文社科', '现代', '散文诗歌']"
1329941,"['日本', '漫画', '人文社科', '青春', '科幻玄幻', '爱情']"
1052380,"['中国', '小说', '人文社科', '现代', '青春', '武侠']"
1026686,"['中国', '日本', '童话', '漫画', '人文社科', '现代', '散文诗歌']"
1020961,"['中国', '小说', '人文社科', '传记', '现代']"
1016486,"['中国', '欧美', '日本', '小说', '人文社科', '传记', '现代', '散文诗歌', '历史']"
1056315,"['中国', '欧美', '生活', '经管', '科技', '人文社科', '散文诗歌', '历史']"
1457306,"['中国', '小说', '漫画', '人文社科', '现代', '青春', '悬疑', '爱情']"
3140801,"['日本', '小说', '科技', '人文社科', '悬疑', '武侠', '科幻玄幻']"
2070012,"['日本', '童话', '小说', '漫画', '生活', '传记', '青春']"
1419841,"['欧美', '童话', '小说', '漫画', '现代', '青春', '科幻玄幻']"
1474773,"['日本', '漫画', '青春']"
2131415,"['中国', '童话', '漫画', '生活', '人文社科', '青春', '散文诗歌']"
1059112,"['欧美', '小说', '人文社科', '古典', '科幻玄幻', '历史']"
1948502,"['中国', '小说', '漫画', '人文社科', '现代', '青春', '网文', '历史', '爱情']"
4872671,"['中国', '日本', '小说', '漫画', '生活', '人文社科', '现代', '散文诗歌']"
3274113,"['中国', '小说', '人文社科', '传记', '历史']"
1051363,"['中国', '欧美', '小说', '经管', '人文社科', '传记', '现代', '历史']"
1089517,"['中国', '童话', '小说', '人文社科', '古典', '武侠', '科幻玄幻']"
1391191,"['中国', '小说', '生活', '人文社科', '古典', '现代', '青春', '散文诗歌', '武侠', '科幻玄幻', '历史']"
1192090,"['中国', '小说', '科技', '人文社科', '悬疑', '散文诗歌', '科幻玄幻']"
4242172,"['中国', '小说', '科技', '人文社科', '悬疑', '散文诗歌', '科幻玄幻']"
1078554,"['欧美', '小说', '生活', '人文社科', '古典', '现代', '青春']"
1853785,"['日本', '漫画', '传记', '青春', '悬疑', '爱情']"
1003479,"['中国', '经管', '人文社科', '传记', '古典', '历史']"
1467333,"['日本', '漫画', '人文社科', '传记', '青春', '悬疑', '科幻玄幻', '爱情']"
1310164,"['中国', '童话', '小说', '漫画', '人文社科', '传记', '现代', '青春', '散文诗歌', '爱情']"
1005918,"['欧美', '日本', '小说', '生活', '传记', '古典', '历史']"
1959786,"['日本', '童话', '漫画', '青春', '科幻玄幻', '爱情']"
3103080,"['中国', '日本', '小说', '生活', '传记', '青春', '散文诗歌', '爱情']"
1011662,"['日本', '小说', '漫画', '人文社科', '现代', '青春']"
1596305,"['中国', '童话', '小说', '生活', '现代', '青春', '爱情']"
1455933,"['欧美', '日本', '小说', '生活', '现代', '青春', '科幻玄幻']"
1473250,"['欧美', '小说', '经管', '科技', '人文社科', '历史']"
3392046,"['中国', '小说', '科技', '人文社科', '传记', '散文诗歌', '历史']"
1361249,"['中国', '童话', '漫画', '青春', '散文诗歌']"
3315879,"['欧美', '小说', '人文社科', '现代', '青春', '散文诗歌', '历史']"
1021615,"['欧美', '日本', '童话', '小说', '漫画', '人文社科', '传记', '青春']"
2214344,"['欧美', '小说', '生活', '人文社科', '现代', '青春']"
1035477,"['中国', '欧美', '日本', '小说', '生活', '人文社科', '传记', '古典', '散文诗歌', '武侠']"
1025176,"['中国', '生活', '人文社科', '传记', '青春', '散文诗歌', '爱情']"
2265995,"['欧美', '小说', '人文社科', '现代', '青春', '散文诗歌']"
1330096,"['日本', '小说', '生活', '人文社科', '现代', '青春']"
1032645,"['日本', '小说', '漫画', '生活', '人文社科', '传记', '散文诗歌', '历史']"
1321017,"['中国', '小说', '人文社科', '青春', '悬疑', '散文诗歌', '武侠', '科幻玄幻', '历史']"
1822793,"['中国', '小说', '现代', '青春', '武侠', '网文']"
3609132,"['中国', '小说', '生活', '经管', '科技', '人文社科', '历史']"
1035848,"['中国', '欧美', '日本', '童话', '小说', '漫画', '传记', '古典']"
1082349,"['中国', '小说', '生活', '人文社科', '传记', '现代', '散文诗歌']"
1036684,"['中国', '人文社科', '传记', '现代']"
1827374,"['欧美', '小说', '人文社科', '古典', '悬疑', '散文诗歌', '科幻玄幻']"
2133074,"['中国', '小说', '生活', '经管', '科技', '人文社科', '传记', '青春', '散文诗歌']"
1449352,"['中国', '小说', '人文社科', '传记', '现代', '青春', '散文诗歌']"
1075538,"['欧美', '小说', '生活', '人文社科', '传记', '散文诗歌', '历史']"
1033190,"['欧美', '童话', '小说', '漫画', '人文社科', '青春', '散文诗歌']"
1051163,"['中国', '欧美', '小说', '漫画', '生活', '传记', '现代', '青春', '散文诗歌']"
1014533,"['中国', '童话', '小说', '经管', '人文社科', '现代', '青春', '武侠']"
1006113,"['中国', '日本', '小说', '人文社科', '古典', '青春', '散文诗歌', '历史']"
1028780,"['中国', '童话', '小说', '漫画', '生活', '现代', '青春']"
1080812,"['中国', '童话', '小说', '生活', '现代', '青春', '散文诗歌']"
1394364,"['欧美', '小说', '科技', '人文社科', '现代', '悬疑', '科幻玄幻']"
1440972,"['欧美', '小说', '人文社科', '现代', '散文诗歌', '科幻玄幻']"
1012637,"['中国', '欧美', '日本', '小说', '人文社科', '古典']"
3017857,"['中国', '小说', '生活', '现代', '青春', '散文诗歌']"
1203426,"['中国', '人文社科', '古典', '散文诗歌', '历史']"
1019338,"['中国', '童话', '小说', '漫画', '人文社科', '青春', '散文诗歌']"
2380307,"['中国', '小说', '经管', '人文社科', '传记', '散文诗歌', '历史']"
1193821,"['日本', '漫画', '人文社科', '青春', '爱情']"
1075495,"['中国', '小说', '人文社科', '传记', '现代', '青春', '散文诗歌', '历史']"
1464716,"['日本', '漫画', '人文社科', '青春', '悬疑', '爱情']"
5317075,"['中国', '漫画', '生活', '经管', '人文社科', '散文诗歌', '历史']"
1439894,"['日本', '童话', '漫画', '人文社科', '传记', '青春']"
1424555,"['日本', '漫画', '人文社科', '青春', '科幻玄幻']"
1028409,"['中国', '小说', '科技', '人文社科', '青春']"
1060117,"['欧美', '日本', '小说', '人文社科', '现代', '散文诗歌']"
1036067,"['中国', '小说', '科技', '传记', '青春']"
1382838,"['中国', '小说', '生活', '现代', '青春', '散文诗歌']"
2119843,"['日本', '小说', '经管', '科技', '人文社科', '散文诗歌']"
1007928,"['中国', '欧美', '生活', '科技', '人文社科']"
1030153,"['中国', '小说', '生活', '现代', '青春', '历史']"
3626924,"['中国', '小说', '人文社科', '传记', '历史']"
1001896,"['中国', '漫画', '传记', '现代', '青春', '散文诗歌']"
1776683,"['中国', '小说', '漫画', '人文社科', '现代', '散文诗歌']"
1004992,"['中国', '童话', '小说', '漫画', '生活', '人文社科', '传记', '现代', '青春', '散文诗歌', '历史']"
1021273,"['中国', '欧美', '人文社科', '古典', '散文诗歌', '历史']"
1004821,"['经管', '人文社科', '古典', '历史']"
1049477,"['中国', '小说', '现代', '青春', '武侠']"
2267883,"['中国', '小说', '生活', '人文社科', '现代', '青春', '散文诗歌']"
1082522,"['中国', '小说', '现代', '青春', '散文诗歌', '历史']"
1761056,"['中国', '童话', '漫画', '传记', '现代']"
1051440,"['欧美', '小说', '生活', '人文社科', '传记', '青春', '散文诗歌']"
1981647,"['日本', '小说', '漫画', '生活', '人文社科', '青春', '散文诗歌']"
1044203,"['中国', '欧美', '人文社科', '传记', '现代', '青春', '散文诗歌', '历史']"
1475048,"['日本', '童话', '小说', '漫画', '人文社科', '传记', '散文诗歌']"
1012242,"['中国', '小说', '人文社科', '青春', '悬疑', '科幻玄幻']"
1021193,"['中国', '童话', '小说', '传记', '现代', '青春']"
3598313,"['中国', '日本', '小说', '传记', '青春', '悬疑', '爱情']"
4010196,"['中国', '欧美', '生活', '经管', '科技', '人文社科', '传记']"
1424694,"['日本', '漫画', '生活', '青春']"
1209899,"['中国', '小说', '人文社科', '传记', '现代', '青春', '散文诗歌']"
1474842,"['日本', '漫画', '青春', '悬疑', '爱情']"
2567919,"['中国', '小说', '生活', '传记', '现代', '青春']"
1119839,"['欧美', '童话', '小说', '人文社科', '古典', '散文诗歌']"
1080687,"['中国', '日本', '小说', '生活', '人文社科', '青春', '散文诗歌']"
1089521,"['中国', '童话', '小说', '人文社科', '现代', '悬疑', '散文诗歌', '武侠', '科幻玄幻']"
3006581,"['欧美', '小说', '生活', '古典', '悬疑', '科幻玄幻']"
1132956,"['中国', '小说', '人文社科', '现代', '青春', '散文诗歌', '科幻玄幻']"
3091349,"['中国', '日本', '小说', '现代', '青春', '散文诗歌']"
3080607,"['中国', '生活', '人文社科', '现代', '散文诗歌']"
2980812,"['中国', '童话', '小说', '漫画', '生活', '人文社科', '现代', '青春', '爱情']"
4124727,"['中国', '人文社科', '现代', '散文诗歌']"
1427679,"['中国', '生活', '经管', '科技', '人文社科', '传记', '青春', '散文诗歌']"
1786387,"['中国', '欧美', '生活', '经管', '人文社科']"
1082582,"['中国', '童话', '小说', '人文社科', '古典', '现代', '武侠', '科幻玄幻']"
1781120,"['中国', '日本', '童话', '小说', '漫画', '科技', '人文社科', '传记', '青春']"
3879301,"['中国', '小说', '现代', '青春', '散文诗歌', '爱情']"
1829836,"['中国', '小说', '人文社科', '传记', '古典', '现代', '散文诗歌', '历史']"
1083477,"['中国', '欧美', '日本', '小说', '生活', '古典', '现代']"
1012611,"['欧美', '经管', '科技', '人文社科', '古典', '历史']"
1780565,"['日本', '小说', '漫画', '人文社科', '青春']"
1028404,"['中国', '童话', '小说', '漫画', '人文社科', '传记', '现代', '青春', '科幻玄幻', '爱情']"
1382846,"['中国', '小说', '生活', '人文社科', '传记', '现代', '青春', '散文诗歌']"
1003078,"['中国', '欧美', '童话', '小说', '漫画', '人文社科', '青春', '科幻玄幻']"
3335362,"['欧美', '日本', '小说', '生活', '人文社科', '现代', '悬疑']"
1398395,"['中国', '小说', '人文社科', '传记', '现代']"
3187737,"['日本', '小说', '悬疑', '科幻玄幻']"
1015767,"['欧美', '小说', '人文社科', '散文诗歌']"
3860856,"['中国', '小说', '人文社科', '传记', '现代', '青春', '散文诗歌', '网文', '历史']"
2233893,"['中国', '小说', '生活', '传记', '青春', '散文诗歌']"
1089512,"['中国', '童话', '小说', '人文社科', '传记', '青春', '悬疑', '武侠', '科幻玄幻']"
1012032,"['欧美', '小说', '人文社科', '古典', '散文诗歌', '历史']"
2030664,"['中国', '小说', '人文社科', '现代', '散文诗歌', '网文']"
2008284,"['日本', '童话', '小说', '漫画', '人文社科', '传记', '现代', '青春', '散文诗歌']"
2067299,"['中国', '童话', '小说', '漫画', '生活', '人文社科', '青春']"
3124525,"['欧美', '小说', '青春', '科幻玄幻']"
4112874,"['中国', '小说', '经管', '人文社科', '现代', '科幻玄幻', '历史']"
1914078,"['中国', '小说', '人文社科', '传记', '现代', '青春', '网文']"
1212894,"['中国', '小说', '人文社科', '现代', '青春', '武侠', '科幻玄幻']"
1873268,"['日本', '漫画', '生活', '传记', '青春', '悬疑', '科幻玄幻', '爱情']"
2057285,"['中国', '日本', '小说', '现代', '悬疑', '科幻玄幻', '历史']"
3108829,"['中国', '小说', '传记', '现代', '青春', '散文诗歌']"
1052203,"['欧美', '小说', '人文社科', '现代']"
2297706,"['日本', '童话', '小说', '悬疑', '科幻玄幻']"
1343089,"['中国', '欧美', '小说', '生活', '人文社科', '传记', '青春', '散文诗歌']"
2317973,"['中国', '小说', '生活', '青春', '散文诗歌']"
1077497,"['中国', '小说', '生活', '经管', '科技', '人文社科', '传记', '历史']"
1078250,"['中国', '小说', '生活', '人文社科', '传记', '现代', '散文诗歌', '历史']"
2036345,"['中国', '欧美', '小说', '生活', '经管', '人文社科', '传记', '青春', '爱情']"
1344548,"['日本', '小说', '漫画', '人文社科', '青春', '散文诗歌']"
3290010,"['中国', '小说', '现代', '青春']"
1084973,"['中国', '欧美', '日本', '小说', '人文社科', '青春', '历史', '爱情']"
1056295,"['欧美', '小说', '生活', '经管', '人文社科', '散文诗歌', '历史']"
1962929,"['中国', '小说', '生活', '现代', '青春', '散文诗歌', '爱情']"
1065239,"['漫画', '人文社科']"
4714734,"['中国', '童话', '小说', '漫画', '生活', '人文社科', '传记', '青春', '散文诗歌', '爱情']"
1003148,"['中国', '童话', '漫画', '人文社科', '现代']"
1258498,"['欧美', '日本', '小说', '古典']"
3333989,"['中国', '人文社科', '现代', '散文诗歌']"
1914083,"['中国', '小说', '人文社科', '现代', '青春', '网文']"
1036243,"['中国', '小说', '传记', '现代', '青春', '科幻玄幻']"
1220853,"['中国', '欧美', '小说', '经管', '科技', '人文社科', '传记', '历史']"
1319345,"['中国', '小说', '现代', '青春']"
2988943,"['中国', '生活', '人文社科', '传记', '现代', '青春', '散文诗歌']"
1968643,"['中国', '欧美', '小说', '生活', '传记', '现代', '散文诗歌']"
2295324,"['中国', '人文社科', '青春', '散文诗歌', '历史']"
1034479,"['中国', '小说', '漫画', '人文社科', '传记', '现代', '青春']"
1016063,"['中国', '小说', '生活', '现代', '青春']"
1458164,"['中国', '小说', '生活', '传记', '古典', '现代', '青春', '爱情']"
1092335,"['欧美', '日本', '小说', '人文社科', '传记', '现代', '青春', '历史']"
1931318,"['中国', '生活', '人文社科', '古典', '现代', '散文诗歌', '历史']"
1007772,"['欧美', '日本', '小说', '人文社科', '传记', '古典']"
2042063,"['小说', '生活', '人文社科', '传记', '散文诗歌', '历史']"
1867064,"['欧美', '小说', '人文社科', '悬疑', '散文诗歌', '科幻玄幻']"
3608208,"['童话', '小说', '人文社科', '青春', '科幻玄幻', '爱情']"
1205372,"['中国', '欧美', '日本', '小说', '生活', '古典', '青春']"
1014825,"['中国', '欧美', '生活', '人文社科', '传记', '散文诗歌', '历史']"
1001136,"['欧美', '童话', '小说', '漫画', '人文社科', '传记', '散文诗歌']"
1449348,"['中国', '小说', '现代', '青春', '散文诗歌']"
3615061,"['日本', '小说', '科技', '悬疑']"
1079680,"['欧美', '童话', '小说', '漫画', '生活', '人文社科', '青春', '科幻玄幻']"
1433700,"['中国', '小说', '青春', '科幻玄幻']"
1005660,"['小说', '人文社科', '传记', '散文诗歌', '历史']"
2161892,"['欧美', '小说', '现代', '青春']"
1082584,"['欧美', '童话', '小说', '人文社科', '古典', '现代', '青春', '散文诗歌']"
1006197,"['欧美', '小说', '人文社科', '古典', '散文诗歌']"
1793132,"['中国', '小说', '生活', '现代', '青春', '武侠']"
2340955,"['中国', '小说', '人文社科', '现代', '青春', '科幻玄幻']"
1119528,"['中国', '欧美', '小说', '古典', '青春', '武侠']"
1013208,"['中国', '欧美', '生活', '经管', '科技', '人文社科', '传记', '现代', '散文诗歌', '历史']"
1014561,"['中国', '小说', '人文社科', '古典', '散文诗歌', '历史']"
2052596,"['中国', '科技', '人文社科', '传记', '现代', '散文诗歌']"
1291355,"['中国', '科技', '人文社科', '传记', '现代', '散文诗歌', '历史']"
2275502,"['中国', '人文社科', '传记', '现代', '历史']"
1057601,"['中国', '生活', '经管', '人文社科', '青春', '散文诗歌']"
1442678,"['日本', '漫画', '青春', '悬疑', '科幻玄幻']"
2345727,"['中国', '小说', '生活', '人文社科', '现代', '青春']"
2359003,"['欧美', '小说', '人文社科', '传记', '散文诗歌', '历史']"
1011882,"['中国', '小说', '漫画', '生活', '人文社科', '现代', '青春', '散文诗歌']"
1763809,"['中国', '小说', '人文社科', '现代', '科幻玄幻', '历史']"
1207819,"['中国', '小说', '现代', '青春']"
1483522,"['中国', '童话', '小说', '传记', '青春', '爱情']"
1008189,"['欧美', '科技', '人文社科', '历史']"
1019431,"['中国', '小说', '青春', '悬疑', '科幻玄幻']"
2036343,"['中国', '漫画', '经管', '人文社科']"
1035326,"['欧美', '小说', '生活', '人文社科', '传记', '散文诗歌', '历史']"
1030366,"['欧美', '日本', '小说', '生活', '人文社科', '现代']"
1026036,"['中国', '小说', '人文社科', '现代', '青春', '散文诗歌']"
3554154,"['中国', '童话', '漫画', '人文社科', '青春']"
2193877,"['欧美', '日本', '小说', '人文社科', '青春', '散文诗歌']"
3000997,"['欧美', '生活', '经管', '科技', '人文社科', '历史']"
1369777,"['日本', '小说', '漫画', '人文社科', '青春', '悬疑', '爱情']"
1012561,"['中国', '日本', '童话', '科技', '人文社科', '传记', '古典', '青春', '历史']"
2361768,"['欧美', '日本', '童话', '小说', '漫画', '人文社科', '散文诗歌']"
1024701,"['中国', '生活', '人文社科', '现代', '散文诗歌']"
1012489,"['中国', '欧美', '日本', '小说', '传记', '古典', '现代', '青春']"
1024854,"['中国', '小说', '人文社科', '现代', '青春']"
4011670,"['日本', '小说', '人文社科', '传记', '现代', '青春']"
1963912,"['中国', '小说', '人文社科', '现代', '历史']"
1965977,"['欧美', '小说', '漫画', '生活', '科技', '人文社科', '青春', '散文诗歌']"
1420862,"['中国', '童话', '小说', '生活', '科技', '人文社科', '传记', '现代', '散文诗歌']"
2348372,"['中国', '生活', '经管', '人文社科', '传记', '历史']"
1186392,"['欧美', '小说', '人文社科', '传记', '古典', '青春', '散文诗歌', '科幻玄幻']"
1764915,"['日本', '漫画', '传记', '青春']"
3713327,"['日本', '小说', '生活', '悬疑']"
3246230,"['中国', '小说', '人文社科', '青春', '散文诗歌', '爱情']"
1040104,"['欧美', '童话', '小说', '漫画', '生活', '古典', '青春', '散文诗歌', '武侠', '科幻玄幻']"
1796596,"['中国', '小说', '传记', '现代', '青春', '散文诗歌']"
1458192,"['日本', '童话', '漫画', '传记', '青春', '悬疑', '科幻玄幻', '爱情']"
1049688,"['中国', '小说', '人文社科', '传记', '现代', '散文诗歌']"
2035162,"['欧美', '小说', '人文社科', '青春', '历史']"
1464989,"['中国', '小说', '人文社科', '现代', '青春', '历史']"
1261153,"['中国', '小说', '生活', '人文社科', '古典', '青春']"
2194123,"['欧美', '小说', '经管', '人文社科', '散文诗歌']"
1072319,"['欧美', '童话', '小说', '漫画', '生活', '人文社科', '传记', '现代', '青春', '散文诗歌']"
1063624,"['中国', '童话', '小说', '人文社科', '现代', '武侠', '科幻玄幻', '历史']"
1000856,"['日本', '小说', '生活', '古典', '现代', '悬疑']"
1061977,"['中国', '小说', '人文社科', '现代', '青春', '历史']"
1044316,"['欧美', '小说', '生活', '人文社科', '传记', '现代', '散文诗歌']"
4009552,"['欧美', '日本', '小说', '生活', '悬疑']"
2070844,"['中国', '小说', '生活', '青春', '散文诗歌', '网文', '爱情']"
1223845,"['欧美', '小说', '生活', '经管', '科技', '人文社科', '现代', '散文诗歌']"
1438461,"['日本', '漫画', '生活', '人文社科', '传记', '散文诗歌', '历史']"
1257365,"['日本', '童话', '小说', '漫画', '人文社科', '散文诗歌']"
1088581,"['中国', '欧美', '小说', '生活', '人文社科', '传记', '古典', '青春', '散文诗歌', '历史']"
1084082,"['中国', '小说', '生活', '人文社科', '现代', '青春']"
2297786,"['中国', '小说', '人文社科', '传记', '现代', '青春']"
1089518,"['中国', '小说', '人文社科', '悬疑', '武侠', '科幻玄幻']"
1017841,"['中国', '欧美', '童话', '小说', '漫画', '人文社科', '青春']"
1441869,"['中国', '漫画', '生活', '科技', '人文社科', '散文诗歌']"
1975797,"['欧美', '童话', '小说', '人文社科', '悬疑', '科幻玄幻']"
1827702,"['经管', '科技', '人文社科', '现代']"
1921479,"['日本', '漫画', '青春', '悬疑', '爱情']"
2298149,"['中国', '小说', '现代', '青春', '悬疑', '科幻玄幻', '爱情']"
4618225,"['日本', '小说', '生活', '人文社科', '青春', '散文诗歌', '历史']"
1012747,"['中国', '小说', '科技', '人文社科', '青春']"
1419882,"['欧美', '童话', '小说', '漫画', '青春', '科幻玄幻']"
1048537,"['中国', '童话', '漫画', '生活', '人文社科', '青春', '散文诗歌']"
1000534,"['中国', '科技', '人文社科', '传记', '青春', '爱情']"
1035146,"['中国', '小说', '生活', '人文社科', '散文诗歌']"
1871471,"['中国', '小说', '现代', '青春', '网文']"
1777932,"['中国', '小说', '人文社科', '现代', '科幻玄幻']"
1422833,"['中国', '小说', '人文社科', '传记', '悬疑', '武侠', '科幻玄幻']"
1047719,"['中国', '小说', '科技', '人文社科', '传记', '现代', '青春', '散文诗歌', '历史']"
1036490,"['中国', '童话', '小说', '生活', '传记', '现代', '青春', '散文诗歌']"
1264579,"['中国', '童话', '小说', '传记', '现代', '青春', '武侠']"
3865832,"['日本', '小说', '人文社科', '悬疑', '散文诗歌', '科幻玄幻']"
3012517,"['中国', '日本', '小说', '生活', '现代', '历史']"
1021597,"['中国', '小说', '现代', '青春', '爱情']"
1368256,"['中国', '童话', '漫画', '人文社科']"
3801097,"['日本', '小说', '人文社科', '现代', '青春', '悬疑', '武侠', '科幻玄幻']"
1203244,"['中国', '欧美', '小说', '人文社科', '古典', '武侠', '历史']"
1873281,"['日本', '童话', '小说', '漫画', '青春', '悬疑', '爱情']"
1431779,"['中国', '小说', '人文社科', '青春', '悬疑', '散文诗歌', '武侠', '科幻玄幻', '历史']"
1432422,"['中国', '小说', '传记', '青春', '散文诗歌']"
1482200,"['中国', '小说', '人文社科', '现代', '青春', '散文诗歌']"
2063819,"['日本', '漫画', '传记', '青春', '悬疑', '爱情']"
1066165,"['中国', '童话', '小说', '人文社科', '现代', '科幻玄幻', '历史']"
1370274,"['日本', '漫画', '青春', '悬疑', '科幻玄幻']"
1868896,"['中国', '小说', '漫画', '生活', '人文社科', '现代', '青春']"
1898609,"['日本', '漫画', '青春', '悬疑', '爱情']"
3908032,"['欧美', '小说', '科技', '人文社科', '散文诗歌']"
1028842,"['欧美', '生活', '经管', '科技']"
1401161,"['欧美', '童话', '小说', '漫画', '青春', '科幻玄幻']"
1032945,"['中国', '童话', '小说', '漫画', '现代', '青春']"
1418297,"['日本', '童话', '漫画', '生活', '青春', '悬疑', '爱情']"
1853323,"['中国', '小说', '生活', '经管', '人文社科']"
2326403,"['欧美', '生活', '人文社科']"
3239824,"['中国', '小说', '人文社科', '传记', '现代', '散文诗歌']"
1087145,"['中国', '小说', '生活', '现代', '青春', '散文诗歌']"
1026411,"['中国', '童话', '漫画', '青春', '散文诗歌']"
1060779,"['中国', '小说', '人文社科', '现代', '青春', '网文', '爱情']"
1009393,"['中国', '小说', '传记', '现代', '青春']"
1083474,"['中国', '欧美', '童话', '小说', '漫画', '生活', '人文社科', '青春', '历史']"
1064828,"['中国', '欧美', '日本', '小说', '人文社科', '现代', '悬疑']"
1049190,"['中国', '童话', '小说', '漫画', '人文社科', '青春', '散文诗歌']"
1026317,"['欧美', '日本', '童话', '小说', '生活', '经管', '人文社科', '现代', '青春', '悬疑', '散文诗歌', '科幻玄幻']"
1082407,"['中国', '小说', '生活', '人文社科', '现代']"
1017563,"['欧美', '童话', '小说', '漫画', '生活', '科技', '人文社科', '传记', '青春', '散文诗歌']"
1214898,"['欧美', '童话', '小说', '人文社科', '悬疑', '科幻玄幻']"
1050175,"['中国', '欧美', '经管', '人文社科', '传记', '现代', '历史']"
1049348,"['中国', '欧美', '经管', '科技', '人文社科', '散文诗歌', '历史']"
1026674,"['小说', '人文社科', '青春']"
1862115,"['中国', '人文社科', '古典', '现代', '青春', '散文诗歌', '历史']"
1419736,"['欧美', '日本', '小说', '漫画', '人文社科', '青春', '悬疑']"
1089523,"['中国', '小说', '悬疑', '武侠', '科幻玄幻']"
1844629,"['中国', '欧美', '人文社科', '传记', '青春']"
1892491,"['中国', '小说', '生活', '人文社科', '现代', '青春', '散文诗歌', '爱情']"
1032431,"['中国', '欧美', '小说', '人文社科', '现代']"
2123957,"['中国', '童话', '漫画', '人文社科']"
3067169,"['中国', '小说', '经管', '人文社科', '现代', '散文诗歌', '历史']"
1321018,"['中国', '小说', '人文社科', '青春', '悬疑', '武侠', '科幻玄幻', '历史']"
4171951,"['欧美', '小说', '科技', '人文社科', '现代', '悬疑', '科幻玄幻', '历史']"
1855343,"['中国', '童话', '小说', '青春']"
1052360,"['童话', '小说', '现代', '科幻玄幻']"
2149655,"['中国', '小说', '人文社科', '现代', '悬疑', '武侠', '科幻玄幻', '历史']"
1963786,"['中国', '小说', '科技', '人文社科', '现代', '科幻玄幻', '历史']"
3662594,"['中国', '小说', '生活', '科技', '传记', '现代', '青春', '散文诗歌']"
1140727,"['欧美', '童话', '小说', '科技', '人文社科', '现代', '青春', '科幻玄幻']"
1818347,"['欧美', '小说', '人文社科', '古典', '悬疑', '散文诗歌']"
1070711,"['中国', '科技', '人文社科', '传记', '现代', '历史']"
3266968,"['欧美', '小说', '经管', '科技', '人文社科', '散文诗歌']"
1433640,"['欧美', '童话', '漫画', '生活', '人文社科']"
1865089,"['欧美', '小说', '人文社科', '散文诗歌']"
1038267,"['中国', '小说', '生活', '现代', '青春']"
1089510,"['中国', '欧美', '童话', '小说', '人文社科', '现代', '青春', '悬疑', '武侠', '科幻玄幻']"
1807516,"['欧美', '小说', '生活', '古典', '悬疑', '科幻玄幻']"
1030054,"['日本', '小说', '生活', '科技', '人文社科', '散文诗歌', '科幻玄幻']"
1070685,"['欧美', '小说', '生活', '人文社科', '散文诗歌']"
1427788,"['日本', '漫画', '青春', '科幻玄幻']"
1330009,"['中国', '小说', '生活', '青春']"
2971734,"['欧美', '童话', '小说', '人文社科']"
4238754,"['中国', '小说', '生活', '传记', '现代', '青春', '历史']"
1436713,"['中国', '小说', '人文社科', '现代', '历史']"
2130986,"['日本', '漫画', '传记', '青春', '科幻玄幻']"
1322066,"['中国', '小说', '生活', '人文社科', '青春', '散文诗歌', '爱情']"
2008972,"['中国', '小说', '青春']"
1731370,"['中国', '欧美', '小说', '人文社科', '古典', '现代', '悬疑']"
1000445,"['欧美', '童话', '科技', '人文社科', '散文诗歌', '科幻玄幻', '历史']"
1030200,"['欧美', '童话', '小说', '漫画', '人文社科', '散文诗歌']"
1364773,"['日本', '漫画', '人文社科', '青春', '悬疑', '科幻玄幻', '爱情']"
1902628,"['中国', '欧美', '小说', '生活', '人文社科', '古典', '散文诗歌', '历史']"
2331434,"['中国', '小说', '现代', '青春']"
1022492,"['中国', '小说', '漫画', '青春', '散文诗歌']"
5385852,"['日本', '小说', '生活', '人文社科', '现代', '悬疑', '散文诗歌', '科幻玄幻']"
1033997,"['中国', '欧美', '小说', '古典']"
1322328,"['中国', '小说', '生活', '人文社科', '现代', '青春', '散文诗歌']"
1613372,"['中国', '小说', '生活', '现代', '青春', '爱情']"
1012039,"['中国', '欧美', '生活', '人文社科', '传记', '现代', '青春', '散文诗歌']"
3776157,"['中国', '小说', '生活', '人文社科', '现代', '散文诗歌']"
1010362,"['中国', '小说', '生活', '人文社科', '现代', '青春', '散文诗歌']"
1039840,"['中国', '欧美', '小说', '生活', '现代', '青春']"
1937939,"['日本', '小说', '漫画', '生活', '人文社科', '传记', '散文诗歌']"
2996596,"['欧美', '小说', '生活', '人文社科', '传记', '散文诗歌']"
3326892,"['欧美', '小说', '人文社科', '传记', '现代', '青春', '散文诗歌', '爱情']"
1947471,"['日本', '漫画', '传记', '青春', '悬疑', '科幻玄幻', '爱情']"
1089515,"['中国', '小说', '传记', '青春', '悬疑', '武侠', '科幻玄幻']"
1433659,"['欧美', '小说', '人文社科']"
1075492,"['欧美', '小说', '生活', '人文社科', '古典', '现代', '青春']"
1059537,"['中国', '欧美', '人文社科', '现代', '散文诗歌', '历史']"
3547099,"['中国', '人文社科', '传记', '散文诗歌']"
3506871,"['中国', '小说', '现代', '青春']"
1085021,"['中国', '欧美', '日本', '小说', '生活', '人文社科', '悬疑']"
1459623,"['日本', '漫画', '生活', '科技', '人文社科', '青春', '悬疑', '科幻玄幻']"
1460313,"['中国', '欧美', '小说', '生活', '人文社科', '传记', '现代', '散文诗歌']"
3043491,"['中国', '小说', '生活', '经管', '现代']"
1032581,"['中国', '小说', '现代', '青春']"
1470158,"['中国', '小说', '生活', '人文社科', '青春', '散文诗歌']"
2294740,"['中国', '经管', '人文社科']"
1441241,"['日本', '漫画', '青春', '悬疑']"
1485225,"['欧美', '小说', '生活', '科技', '人文社科', '悬疑', '科幻玄幻', '历史']"
1456831,"['日本', '漫画', '青春']"
1079509,"['中国', '小说', '人文社科', '现代', '散文诗歌']"
1102403,"['日本', '漫画', '人文社科', '传记', '青春', '科幻玄幻']"
1060774,"['中国', '经管', '科技', '人文社科', '古典', '现代', '历史']"
1032501,"['欧美', '经管', '科技', '人文社科']"
5289756,"['中国', '小说', '生活', '人文社科', '传记', '青春', '散文诗歌', '历史']"
1058679,"['中国', '小说', '人文社科', '现代', '散文诗歌']"
3644791,"['中国', '小说', '人文社科', '散文诗歌']"
2136484,"['欧美', '小说', '生活', '人文社科', '科幻玄幻']"
2159470,"['欧美', '小说', '人文社科', '传记', '青春']"
2242467,"['日本', '小说', '人文社科', '悬疑']"
1013267,"['中国', '人文社科', '古典', '青春', '散文诗歌']"
3887826,"['中国', '漫画', '人文社科', '青春']"
1001204,"['中国', '小说', '生活', '人文社科', '现代', '散文诗歌', '历史']"
1917078,"['欧美', '童话', '小说', '生活', '青春', '悬疑', '科幻玄幻', '历史']"
3102324,"['日本', '小说', '悬疑']"
2309689,"['中国', '小说', '生活', '经管', '人文社科', '现代', '历史']"
3013903,"['欧美', '日本', '小说', '现代', '悬疑']"
1045466,"['中国', '欧美', '小说', '人文社科', '现代', '悬疑', '科幻玄幻', '历史']"
1077847,"['中国', '小说', '漫画', '人文社科', '传记', '古典', '散文诗歌', '历史']"
1069885,"['欧美', '日本', '童话', '小说', '人文社科', '现代', '青春', '历史']"
3223711,"['欧美', '经管', '科技', '人文社科']"
1101607,"['日本', '小说', '人文社科', '现代']"
1456034,"['中国', '欧美', '小说', '生活', '人文社科', '传记', '现代', '青春']"
1485224,"['中国', '小说', '科技', '人文社科', '传记', '现代', '青春', '悬疑', '武侠', '科幻玄幻', '爱情']"
1023048,"['中国', '欧美', '小说', '生活', '现代']"
1045201,"['欧美', '小说', '生活', '人文社科', '散文诗歌']"
2240482,"['中国', '小说', '人文社科', '传记', '现代', '散文诗歌']"
1442680,"['日本', '漫画', '青春', '悬疑', '爱情']"
3162513,"['日本', '小说', '人文社科', '悬疑', '武侠', '科幻玄幻']"
2115040,"['中国', '小说', '生活', '人文社科', '现代', '青春', '散文诗歌', '爱情']"
1762869,"['中国', '欧美', '经管', '科技', '人文社科', '传记', '散文诗歌', '历史']"
1088022,"['中国', '小说', '人文社科', '传记', '现代', '历史']"
2150240,"['日本', '童话', '漫画', '生活']"
2068211,"['中国', '小说', '生活', '传记', '现代', '散文诗歌']"
1057197,"['欧美', '日本', '小说', '人文社科', '现代', '散文诗歌']"
1225977,"['欧美', '科技', '人文社科', '历史']"
1456597,"['中国', '小说', '生活', '人文社科', '现代', '青春', '散文诗歌']"
1023658,"['中国', '小说', '现代', '散文诗歌']"
1119796,"['中国', '小说', '生活', '现代', '青春']"
2160226,"['欧美', '童话', '小说', '现代', '青春']"
2284311,"['小说', '科技', '人文社科', '历史']"
2033081,"['欧美', '小说', '经管', '科技', '人文社科', '现代', '散文诗歌', '历史']"
4749115,"['中国', '生活', '经管', '人文社科', '传记', '散文诗歌']"
1440885,"['中国', '生活', '经管', '科技', '人文社科', '历史']"
1079252,"['欧美', '小说', '人文社科', '散文诗歌']"
1962923,"['中国', '欧美', '小说', '生活', '科技', '人文社科', '现代', '散文诗歌', '历史']"
2282081,"['中国', '漫画', '生活', '人文社科', '传记', '现代', '散文诗歌']"
1874961,"['日本', '小说', '人文社科', '古典', '悬疑']"
1077528,"['中国', '欧美', '经管', '科技', '人文社科', '古典', '现代', '历史']"
1812439,"['中国', '小说', '现代', '青春', '散文诗歌', '历史']"
1072438,"['中国', '生活', '经管', '科技', '人文社科', '传记', '历史']"
2158189,"['日本', '小说', '人文社科', '青春']"
1729284,"['欧美', '小说', '生活', '人文社科', '现代', '散文诗歌', '历史']"
1088743,"['欧美', '日本', '小说', '生活', '人文社科', '青春']"
1258490,"['欧美', '小说', '科技', '人文社科', '现代', '散文诗歌', '科幻玄幻', '历史']"
1860750,"['欧美', '日本', '小说', '人文社科']"
2280027,"['欧美', '小说', '人文社科']"
1441707,"['中国', '童话', '漫画', '人文社科', '现代']"
1382829,"['中国', '小说', '生活', '人文社科', '现代', '青春', '散文诗歌']"
1041111,"['中国', '日本', '小说', '生活', '青春']"
1080544,"['日本', '小说', '现代']"
1281622,"['中国', '小说', '人文社科', '青春', '散文诗歌']"
1467535,"['日本', '漫画', '传记', '青春', '悬疑', '爱情']"
1794202,"['中国', '小说', '生活', '人文社科', '青春', '散文诗歌', '历史']"
1048610,"['欧美', '童话', '小说', '人文社科', '现代']"
1765512,"['中国', '欧美', '童话', '小说', '人文社科', '古典', '青春']"
1918734,"['日本', '漫画', '人文社科', '传记', '青春', '武侠']"
2118032,"['日本', '小说', '漫画', '生活', '经管', '人文社科', '散文诗歌']"
1028693,"['中国', '小说', '传记', '现代', '青春', '散文诗歌']"
1004956,"['中国', '小说', '生活', '现代', '青春', '悬疑']"
1138986,"['日本', '漫画', '传记', '青春', '悬疑', '爱情']"
1382836,"['中国', '欧美', '小说', '生活', '现代', '青春', '散文诗歌']"
1000280,"['中国', '小说', '经管', '人文社科', '传记', '现代', '历史']"
3266344,"['中国', '小说', '现代', '悬疑', '科幻玄幻']"
1152701,"['欧美', '小说', '古典']"
3537590,"['欧美', '小说', '人文社科', '现代', '历史']"
5366275,"['欧美', '童话', '漫画', '科技', '人文社科']"
1857446,"['中国', '小说', '现代', '科幻玄幻', '历史']"
3151990,"['欧美', '小说', '生活', '人文社科', '传记', '现代', '青春', '散文诗歌']"
2201813,"['中国', '小说', '生活', '人文社科', '现代', '悬疑', '科幻玄幻', '历史']"
3268399,"['中国', '小说', '传记', '青春', '散文诗歌', '科幻玄幻']"
1009459,"['中国', '日本', '小说', '人文社科', '青春']"
3786755,"['日本', '小说', '漫画', '科技', '人文社科']"
1812895,"['中国', '小说', '人文社科', '现代', '散文诗歌']"
2026939,"['中国', '小说', '生活', '人文社科', '现代', '青春']"
3053207,"['日本', '小说', '青春', '悬疑', '科幻玄幻', '爱情']"
3111928,"['欧美', '人文社科', '传记', '散文诗歌']"
1056023,"['欧美', '小说', '人文社科', '现代']"
3610550,"['中国', '小说', '生活', '青春', '散文诗歌', '爱情']"
1254588,"['中国', '童话', '小说', '漫画', '生活', '人文社科', '现代', '散文诗歌']"
2003526,"['日本', '童话', '小说', '漫画', '生活', '青春']"
3426869,"['中国', '童话', '小说', '青春', '散文诗歌', '科幻玄幻', '爱情']"
1812618,"['日本', '漫画', '传记', '青春', '科幻玄幻']"
4159088,"['中国', '小说', '生活', '人文社科', '古典', '散文诗歌']"
2062430,"['中国', '小说', '青春', '爱情']"
1937357,"['日本', '漫画', '青春', '悬疑', '爱情']"
1547265,"['中国', '小说', '生活', '人文社科', '青春', '散文诗歌']"
1361258,"['中国', '小说', '现代', '青春']"
1919201,"['中国', '小说', '青春', '散文诗歌', '武侠', '科幻玄幻', '网文']"
1361263,"['中国', '欧美', '小说', '生活', '人文社科', '现代', '青春', '散文诗歌']"
1019485,"['中国', '小说', '生活', '人文社科', '传记', '散文诗歌']"
1037954,"['欧美', '日本', '小说', '人文社科', '现代']"
1798557,"['日本', '漫画', '青春']"
1277981,"['欧美', '科技', '人文社科', '历史']"
1907739,"['欧美', '童话', '小说', '漫画', '人文社科', '散文诗歌']"
2032117,"['欧美', '小说', '人文社科', '现代', '悬疑', '散文诗歌', '科幻玄幻']"
1318427,"['欧美', '生活', '经管', '科技', '人文社科']"
1045926,"['中国', '欧美', '日本', '小说', '生活', '古典']"
1186350,"['中国', '欧美', '小说', '生活', '人文社科', '古典']"
2230208,"['中国', '小说', '生活', '人文社科', '青春', '散文诗歌']"
2133254,"['中国', '小说', '经管', '人文社科', '传记', '现代', '历史']"
1043579,"['中国', '生活', '传记', '现代', '青春']"
1008732,"['中国', '欧美', '日本', '生活', '人文社科', '现代', '散文诗歌']"
3088496,"['中国', '小说', '漫画', '生活', '人文社科', '青春', '散文诗歌', '爱情']"
1046172,"['中国', '小说', '生活', '人文社科', '现代', '青春', '散文诗歌']"
2257609,"['中国', '小说', '生活', '经管', '科技', '人文社科']"
1452610,"['日本', '漫画', '人文社科', '青春', '科幻玄幻']"
1151873,"['中国', '小说', '现代', '青春']"
1424373,"['中国', '小说', '生活', '经管', '人文社科', '散文诗歌']"
1759860,"['中国', '小说', '漫画', '人文社科', '现代', '散文诗歌']"
1270508,"['欧美', '生活', '人文社科', '传记', '散文诗歌', '历史']"
1025721,"['中国', '欧美', '人文社科', '青春']"
1927782,"['日本', '漫画', '传记', '青春', '科幻玄幻']"
1392604,"['日本', '小说', '漫画', '传记', '青春', '悬疑', '科幻玄幻']"
1427288,"['欧美', '童话', '小说', '生活', '人文社科', '传记', '古典', '青春']"
1939182,"['欧美', '小说', '科技', '人文社科', '现代', '悬疑', '武侠', '科幻玄幻', '历史']"
1789837,"['中国', '小说', '人文社科', '现代', '青春', '武侠', '科幻玄幻']"
2294993,"['中国', '欧美', '生活', '人文社科', '传记', '现代', '散文诗歌', '历史']"
1433050,"['中国', '小说', '生活', '经管', '人文社科', '传记', '现代']"
1394536,"['中国', '童话', '漫画', '人文社科', '青春']"
1927902,"['欧美', '经管', '人文社科']"
1049522,"['欧美', '童话', '小说', '人文社科', '现代', '散文诗歌']"
1061563,"['中国', '生活', '人文社科', '现代', '散文诗歌']"
1180108,"['日本', '漫画', '传记', '青春', '悬疑', '科幻玄幻', '爱情']"
1781300,"['中国', '漫画', '生活', '人文社科', '青春']"
1081422,"['欧美', '小说', '现代']"
1047447,"['中国', '日本', '小说', '现代', '青春', '散文诗歌']"
2584971,"['日本', '童话', '小说', '青春', '悬疑', '散文诗歌']"
1427825,"['中国', '小说', '人文社科', '现代', '历史']"
1440992,"['中国', '漫画', '人文社科', '青春']"
1217071,"['中国', '小说', '生活', '青春']"
2271582,"['中国', '欧美', '童话', '小说', '漫画', '科技', '人文社科', '现代']"
1049215,"['中国', '小说', '人文社科', '传记', '现代', '散文诗歌', '历史']"
1082577,"['中国', '童话', '小说', '现代']"
2214350,"['欧美', '小说', '人文社科', '悬疑', '散文诗歌', '科幻玄幻']"
2265312,"['中国', '小说', '现代', '悬疑', '武侠', '科幻玄幻', '历史']"
1394433,"['中国', '小说', '科技', '现代', '青春', '散文诗歌', '历史', '爱情']"
1313124,"['欧美', '生活', '经管', '科技', '人文社科', '传记', '散文诗歌']"
1949925,"['日本', '小说', '生活', '青春']"
2159042,"['日本', '小说', '青春', '散文诗歌']"
2129427,"['中国', '童话', '漫画', '人文社科', '传记', '青春']"
3316422,"['日本', '小说', '漫画', '生活', '人文社科', '青春', '散文诗歌']"
2258803,"['日本', '童话', '漫画', '生活']"
1897413,"['中国', '小说', '生活', '人文社科', '现代', '青春', '散文诗歌', '爱情']"
1069059,"['日本', '小说', '现代']"
1023709,"['欧美', '日本', '小说', '人文社科', '现代', '散文诗歌']"
1884249,"['欧美', '小说', '生活', '经管', '人文社科', '传记', '散文诗歌', '历史']"
1071794,"['欧美', '小说', '生活', '散文诗歌', '武侠', '科幻玄幻']"
1089511,"['中国', '小说', '现代', '武侠', '科幻玄幻']"
1082173,"['中国', '小说', '生活', '现代', '青春', '散文诗歌']"
1220219,"['日本', '小说', '漫画', '古典', '科幻玄幻', '历史']"
3608235,"['欧美', '童话', '小说', '漫画', '人文社科', '现代', '科幻玄幻']"
1262986,"['中国', '欧美', '小说', '生活', '经管', '人文社科', '散文诗歌']"
1161852,"['中国', '小说', '科技', '现代', '武侠', '科幻玄幻', '历史']"
1858410,"['中国', '欧美', '人文社科', '历史']"
3621252,"['中国', '人文社科', '传记', '散文诗歌']"
1004088,"['欧美', '童话', '小说', '漫画', '传记', '科幻玄幻']"
1170801,"['小说', '人文社科', '古典', '散文诗歌']"
2032666,"['中国', '小说', '青春', '散文诗歌', '网文']"
3162527,"['日本', '小说', '人文社科', '悬疑', '武侠', '科幻玄幻', '历史']"
1471391,"['中国', '日本', '童话', '小说', '人文社科', '散文诗歌']"
1416954,"['中国', '小说', '人文社科', '青春']"
1000517,"['中国', '小说', '人文社科', '现代', '科幻玄幻', '历史']"
1040397,"['欧美', '小说', '生活', '人文社科', '传记', '散文诗歌']"
1058759,"['欧美', '小说', '散文诗歌', '武侠', '科幻玄幻']"
1485495,"['中国', '小说', '现代', '悬疑', '科幻玄幻']"
2009825,"['中国', '小说', '青春', '科幻玄幻']"
1043485,"['中国', '小说', '古典', '现代', '历史']"
4173403,"['日本', '小说', '生活', '人文社科', '现代', '青春', '散文诗歌']"
3274851,"['中国', '小说', '生活', '人文社科', '现代', '历史']"
1017839,"['小说', '生活', '人文社科', '散文诗歌']"
1062134,"['中国', '小说', '生活', '科技', '人文社科', '现代', '散文诗歌', '科幻玄幻', '历史']"
1805514,"['欧美', '小说', '人文社科', '古典', '悬疑', '散文诗歌', '科幻玄幻']"
1337303,"['中国', '童话', '小说', '人文社科', '青春', '武侠', '科幻玄幻']"
1083375,"['中国', '小说', '传记', '青春']"
3678694,"['中国', '日本', '小说', '人文社科', '现代', '青春']"
5292912,"['中国', '小说', '漫画', '传记', '青春', '散文诗歌', '网文']"
1382833,"['中国', '小说', '生活', '人文社科', '现代', '青春', '散文诗歌']"
1279212,"['欧美', '小说', '人文社科', '古典', '历史']"
1004322,"['欧美', '小说', '生活', '科技', '人文社科', '传记', '历史']"
1020128,"['欧美', '生活', '人文社科', '散文诗歌']"
3246904,"['欧美', '小说']"
1212453,"['中国', '小说', '青春']"
3667783,"['中国', '小说', '生活', '经管', '人文社科', '青春', '散文诗歌']"
1400717,"['中国', '欧美', '小说', '生活', '人文社科', '传记', '散文诗歌']"
4152754,"['日本', '小说', '生活', '青春', '悬疑', '科幻玄幻']"
1025243,"['中国', '小说', '生活', '传记', '青春', '散文诗歌']"
1030470,"['中国', '小说', '传记', '现代', '青春', '散文诗歌', '网文', '爱情']"
1868698,"['欧美', '小说', '人文社科', '现代', '散文诗歌']"
1458186,"['日本', '童话', '漫画', '传记', '青春', '悬疑', '科幻玄幻', '爱情']"
2383005,"['欧美', '生活', '经管', '人文社科', '散文诗歌']"
1064271,"['中国', '小说', '生活', '人文社科', '传记', '散文诗歌', '历史']"
1016806,"['欧美', '小说', '生活', '人文社科', '传记', '散文诗歌']"
1433377,"['中国', '欧美', '小说', '人文社科', '青春', '历史']"
2071404,"['日本', '漫画', '生活', '青春']"
1823349,"['中国', '漫画', '生活', '人文社科', '传记', '现代', '青春', '散文诗歌']"
1452923,"['中国', '小说', '生活', '青春', '悬疑', '武侠', '科幻玄幻']"
1275608,"['欧美', '小说', '科技', '科幻玄幻']"
3905366,"['中国', '小说', '生活', '经管', '人文社科', '青春', '散文诗歌', '历史']"
1753798,"['日本', '小说', '漫画', '传记', '青春', '爱情']"
1292227,"['欧美', '小说', '科幻玄幻']"
1986590,"['欧美', '童话', '小说', '漫画', '人文社科', '古典', '现代', '青春', '散文诗歌', '科幻玄幻']"
1000323,"['日本', '小说', '现代', '科幻玄幻']"
1069071,"['中国', '小说', '生活', '人文社科', '传记', '青春', '散文诗歌', '网文', '爱情']"
1927869,"['日本', '漫画', '传记', '青春', '悬疑', '爱情']"
1321789,"['欧美', '小说', '生活', '科技', '人文社科', '现代', '青春', '悬疑', '武侠', '科幻玄幻']"
1964044,"['日本', '漫画', '青春', '历史']"
1449661,"['中国', '小说', '生活', '人文社科', '散文诗歌']"
1322158,"['中国', '小说', '生活', '人文社科', '青春', '散文诗歌']"
1059258,"['中国', '小说', '生活', '人文社科', '古典', '散文诗歌', '历史']"
1046175,"['中国', '漫画', '生活', '人文社科', '传记', '散文诗歌', '历史']"
1476651,"['欧美', '经管', '科技', '人文社科']"
1255598,"['中国', '欧美', '小说', '生活', '现代', '青春']"
1151876,"['中国', '小说', '现代']"
1073708,"['中国', '小说', '人文社科', '古典', '散文诗歌', '历史']"
2160292,"['欧美', '小说', '人文社科', '现代', '科幻玄幻']"
1016204,"['中国', '小说', '经管', '科技', '人文社科', '传记', '散文诗歌']"
1316622,"['中国', '小说', '武侠', '科幻玄幻']"
2253753,"['中国', '小说', '人文社科', '青春', '悬疑', '散文诗歌', '武侠', '科幻玄幻', '历史']"
1999037,"['日本', '漫画', '青春', '悬疑', '爱情']"
1369776,"['日本', '漫画', '人文社科', '青春', '悬疑', '爱情']"
1046492,"['中国', '人文社科', '历史']"
3274182,"['中国', '小说', '生活', '青春', '散文诗歌']"
1205373,"['欧美', '日本', '小说', '古典', '现代']"
1827578,"['中国', '小说', '生活', '经管', '人文社科']"
1037602,"['欧美', '童话', '小说', '科技', '人文社科', '传记', '现代', '历史']"
1925218,"['中国', '欧美', '小说', '生活', '人文社科', '现代', '青春', '爱情']"
1481371,"['中国', '日本', '小说', '漫画', '传记', '青春', '科幻玄幻']"
1034067,"['中国', '小说', '人文社科', '历史']"
1915337,"['欧美', '童话', '小说', '生活', '人文社科', '现代', '散文诗歌', '历史']"
1340986,"['中国', '小说', '人文社科', '散文诗歌']"
1322320,"['中国', '小说', '生活', '人文社科', '现代', '青春', '散文诗歌']"
1050743,"['中国', '欧美', '经管', '科技', '人文社科', '现代']"
1139726,"['日本', '童话', '小说', '漫画', '传记', '青春', '科幻玄幻']"
1075743,"['中国', '小说', '人文社科', '传记', '青春', '散文诗歌']"
2360269,"['日本', '漫画', '青春']"
1009931,"['中国', '小说', '生活', '现代', '青春', '历史']"
2284090,"['中国', '小说', '人文社科', '现代', '青春', '散文诗歌', '爱情']"
1082578,"['中国', '小说', '人文社科', '现代', '散文诗歌']"
1322248,"['中国', '小说', '生活', '人文社科', '现代', '青春', '散文诗歌']"
1865891,"['中国', '小说', '人文社科', '现代', '青春', '散文诗歌']"
1212152,"['日本', '小说', '现代', '青春']"
1072842,"['中国', '小说', '生活', '现代', '青春']"
3577218,"['中国', '经管', '人文社科', '现代', '散文诗歌', '科幻玄幻', '历史']"
3672237,"['日本', '小说', '生活', '人文社科', '现代', '青春', '悬疑']"
1322025,"['欧美', '生活', '经管', '人文社科']"
2170629,"['日本', '漫画', '传记', '青春', '科幻玄幻', '爱情']"
1456524,"['中国', '人文社科', '传记', '散文诗歌', '历史']"
1089509,"['中国', '童话', '小说', '现代', '武侠']"
1000594,"['日本', '小说', '现代']"
1055486,"['中国', '小说', '现代', '青春', '散文诗歌']"
1459149,"['中国', '小说', '生活', '科技', '人文社科', '传记', '青春', '散文诗歌']"
1382840,"['中国', '小说', '生活', '现代', '青春', '散文诗歌']"
1064682,"['中国', '小说', '生活', '传记', '现代', '青春', '散文诗歌']"
1792668,"['中国', '小说', '人文社科', '传记', '古典', '现代', '历史']"
1069628,"['小说', '传记', '青春']"
1263399,"['欧美', '小说', '古典', '悬疑']"
3073494,"['中国', '小说', '生活', '人文社科', '现代', '青春', '散文诗歌', '爱情']"
1005279,"['中国', '童话', '小说', '漫画', '青春', '科幻玄幻']"
2267630,"['欧美', '童话', '小说', '人文社科', '现代', '散文诗歌', '科幻玄幻', '历史']"
1030469,"['欧美', '童话', '小说', '人文社科', '青春', '散文诗歌']"
1883245,"['中国', '小说', '人文社科', '古典', '散文诗歌', '历史']"
1981042,"['中国', '欧美', '小说', '经管', '人文社科', '传记', '历史']"
1468493,"['中国', '小说', '青春', '科幻玄幻', '历史']"
1868786,"['欧美', '人文社科', '传记', '散文诗歌', '历史']"
1480630,"['中国', '小说', '人文社科', '现代', '悬疑', '武侠']"
2154079,"['中国', '欧美', '童话', '小说', '人文社科', '青春']"
1448761,"['欧美', '人文社科', '传记', '散文诗歌', '历史']"
1062235,"['中国', '小说', '现代', '青春', '散文诗歌']"
1855531,"['日本', '漫画', '青春', '悬疑', '爱情']"
1076654,"['中国', '小说', '人文社科', '传记', '现代', '青春', '爱情']"
1036541,"['欧美', '人文社科', '现代', '历史']"
1887754,"['中国', '童话', '漫画', '人文社科', '散文诗歌']"
1018482,"['中国', '欧美', '日本', '童话', '小说', '生活', '人文社科']"
2039490,"['日本', '漫画', '青春', '悬疑', '科幻玄幻', '爱情']"
1914127,"['日本', '生活', '青春']"
3016219,"['中国', '小说', '生活', '青春']"
1038744,"['中国', '小说', '生活', '人文社科', '现代', '青春']"
2340300,"['中国', '小说', '现代', '悬疑', '武侠', '科幻玄幻', '历史']"
1031818,"['中国', '小说', '现代', '青春']"
1049361,"['中国', '人文社科', '传记', '现代', '散文诗歌', '历史']"
1859649,"['中国', '小说', '生活', '人文社科', '传记', '现代']"
1024889,"['中国', '童话', '小说', '传记']"
1329959,"['中国', '欧美', '小说', '人文社科', '古典', '现代', '悬疑']"
1401795,"['中国', '日本', '人文社科', '传记', '现代', '散文诗歌']"
2042907,"['中国', '小说', '人文社科', '传记', '历史']"
1324985,"['中国', '欧美', '小说', '生活', '人文社科', '现代', '散文诗歌', '历史']"
1351652,"['日本', '童话', '漫画']"
3682204,"['日本', '生活', '经管', '科技', '人文社科']"
1213945,"['中国', '小说', '人文社科', '古典', '青春', '历史']"
1764991,"['中国', '小说', '人文社科', '现代', '散文诗歌', '历史']"
1907199,"['中国', '欧美', '生活', '人文社科', '现代', '散文诗歌', '历史']"
1212488,"['欧美', '小说', '人文社科', '古典']"
1084919,"['中国', '小说', '生活', '现代', '青春']"
1431880,"['日本', '童话', '小说', '漫画', '生活', '人文社科', '青春']"
1342817,"['欧美', '童话', '小说', '科幻玄幻']"
1096118,"['中国', '小说', '生活', '现代', '青春', '散文诗歌']"
1026035,"['日本', '童话', '漫画']"
1011977,"['中国', '人文社科', '传记', '现代', '青春']"
1793721,"['欧美', '小说', '生活', '人文社科', '现代', '科幻玄幻']"
3729756,"['中国', '小说', '青春', '散文诗歌', '爱情']"
1905830,"['中国', '漫画', '青春']"
3373490,"['中国', '小说', '青春', '散文诗歌']"
1495303,"['日本', '漫画', '青春']"
1039389,"['欧美', '人文社科', '散文诗歌']"
1789841,"['中国', '小说', '现代', '武侠']"
1013369,"['欧美', '经管', '科技', '人文社科', '散文诗歌']"
1083257,"['中国', '小说', '青春', '武侠', '科幻玄幻', '爱情']"
1856025,"['欧美', '童话', '小说', '人文社科', '现代', '散文诗歌']"
2278790,"['中国', '小说', '生活', '人文社科', '青春']"
2286313,"['中国', '小说', '人文社科', '青春', '悬疑', '散文诗歌', '武侠', '科幻玄幻', '历史']"
1903164,"['欧美', '小说', '古典', '悬疑']"
1704006,"['中国', '小说', '现代', '悬疑', '武侠']"
1063796,"['中国', '欧美', '小说', '人文社科', '现代', '散文诗歌']"
1341035,"['中国', '童话', '小说', '人文社科', '传记', '青春', '散文诗歌']"
1083762,"['欧美', '小说', '人文社科', '传记', '现代', '散文诗歌', '历史']"
3800166,"['中国', '小说', '现代', '悬疑', '科幻玄幻']"
1010472,"['中国', '童话', '小说', '漫画', '生活', '人文社科', '古典']"
3880832,"['中国', '小说', '人文社科', '现代', '散文诗歌', '历史']"
1275907,"['欧美', '小说', '传记', '青春', '科幻玄幻']"
3995799,"['中国', '小说', '生活', '人文社科', '传记', '历史']"
1059769,"['欧美', '经管', '人文社科']"
2242461,"['日本', '小说', '科技', '悬疑']"
3662581,"['中国', '小说', '生活', '现代', '散文诗歌']"
4038164,"['中国', '小说', '青春', '科幻玄幻', '网文', '爱情']"
1437131,"['中国', '漫画', '人文社科', '青春']"
3442373,"['欧美', '小说', '现代', '散文诗歌', '历史']"
1006770,"['欧美', '童话', '小说', '人文社科', '传记', '古典', '现代', '散文诗歌']"
2038238,"['日本', '漫画', '青春', '悬疑', '爱情']"
1005492,"['欧美', '经管', '人文社科', '现代', '散文诗歌', '历史']"
1083290,"['中国', '小说', '漫画', '青春']"
3101457,"['日本', '小说', '生活', '人文社科', '青春']"
1006341,"['中国', '小说', '传记', '现代', '散文诗歌']"
3901238,"['中国', '小说', '人文社科', '历史']"
2136140,"['中国', '小说', '生活', '现代', '青春', '散文诗歌']"
1034279,"['欧美', '科技', '人文社科', '科幻玄幻']"
1441853,"['欧美', '人文社科']"
1062991,"['中国', '小说', '人文社科', '现代', '散文诗歌', '历史']"
1420368,"['中国', '小说', '现代', '青春']"
1928171,"['日本', '漫画', '传记', '青春']"
1908517,"['中国', '小说', '生活', '人文社科', '古典', '青春', '散文诗歌', '历史']"
3055316,"['欧美', '小说', '人文社科', '传记', '古典', '现代', '悬疑', '科幻玄幻']"
1876333,"['欧美', '小说', '人文社科', '现代', '青春', '散文诗歌']"
1006646,"['中国', '小说', '人文社科', '青春', '悬疑', '武侠', '科幻玄幻', '网文', '爱情']"
1017749,"['欧美', '小说', '传记', '散文诗歌']"
1009938,"['中国', '童话', '小说', '人文社科', '古典', '青春', '武侠', '科幻玄幻', '历史']"
1205394,"['欧美', '日本', '小说', '人文社科', '古典']"
1468393,"['日本', '小说', '人文社科', '现代', '青春']"
1082369,"['中国', '小说', '生活', '人文社科', '传记', '现代', '青春', '散文诗歌', '历史']"
1010204,"['欧美', '小说', '科技', '人文社科', '传记', '散文诗歌', '历史']"
1042434,"['欧美', '小说', '生活', '人文社科', '传记', '青春', '散文诗歌', '历史']"
1382834,"['中国', '小说', '生活', '现代', '青春', '散文诗歌']"
1209078,"['中国', '欧美', '童话', '小说', '漫画', '散文诗歌', '科幻玄幻']"
2359212,"['中国', '小说', '人文社科', '散文诗歌']"
1791390,"['日本', '漫画', '青春', '悬疑', '爱情']"
3225748,"['中国', '小说', '生活', '人文社科', '散文诗歌']"
1975809,"['中国', '小说', '青春', '悬疑', '武侠', '科幻玄幻']"
1006737,"['中国', '小说', '人文社科', '传记', '现代']"
1464442,"['中国', '经管', '人文社科', '传记', '历史']"
1041993,"['中国', '科技', '人文社科', '青春']"
1073349,"['中国', '小说', '人文社科', '现代', '青春', '散文诗歌']"
2081509,"['中国', '小说', '生活', '人文社科', '现代', '青春']"
1033790,"['小说', '人文社科', '青春']"
1045352,"['漫画', '现代', '青春', '散文诗歌']"
3597938,"['日本', '小说', '漫画', '人文社科']"
1016631,"['中国', '小说', '人文社科', '古典', '散文诗歌']"
1200842,"['中国', '小说', '人文社科', '现代']"
1010898,"['欧美', '童话', '小说', '古典', '科幻玄幻']"
1772786,"['欧美', '小说', '人文社科', '悬疑', '科幻玄幻']"
1035614,"['中国', '小说', '生活', '人文社科', '传记', '青春', '散文诗歌']"
3266345,"['欧美', '小说', '生活', '人文社科', '传记', '现代']"
1005576,"['生活', '经管', '科技', '人文社科']"
1060723,"['欧美', '小说', '生活', '人文社科', '散文诗歌']"
1016058,"['中国', '小说', '生活', '现代', '青春', '历史']"
1026655,"['欧美', '小说', '人文社科', '传记', '现代', '散文诗歌']"
3123393,"['中国', '小说', '经管', '人文社科']"
2064450,"['中国', '经管', '人文社科', '传记', '历史']"
4067621,"['日本', '童话', '小说', '人文社科', '现代', '悬疑', '科幻玄幻']"
1428691,"['日本', '漫画', '青春']"
1467022,"['中国', '小说', '科技', '人文社科', '历史']"
1918720,"['日本', '漫画', '人文社科', '青春', '悬疑', '爱情']"
3864342,"['日本', '小说', '人文社科', '青春']"
3699108,"['中国', '童话', '漫画', '人文社科']"
1051663,"['中国', '小说', '传记', '现代', '青春']"
1864849,"['中国', '小说', '生活', '传记', '青春', '散文诗歌']"
1054917,"['中国', '小说', '生活', '人文社科', '现代']"
1015398,"['中国', '欧美', '小说', '现代']"
1317301,"['欧美', '小说', '人文社科', '现代']"
3890174,"['日本', '小说', '人文社科', '青春', '悬疑']"
1752755,"['中国', '小说', '生活', '现代']"
4264003,"['日本', '小说', '悬疑']"
2377012,"['中国', '小说', '传记', '现代', '散文诗歌', '历史']"
1409771,"['中国', '小说', '青春', '悬疑', '科幻玄幻']"
2381950,"['欧美', '小说', '生活', '人文社科', '散文诗歌']"
1949121,"['小说', '人文社科', '传记', '现代', '悬疑', '武侠', '历史']"
1980436,"['中国', '小说', '现代', '散文诗歌']"
1017818,"['欧美', '小说', '生活', '经管', '人文社科']"
1471701,"['中国', '小说', '生活', '青春', '散文诗歌']"
1456183,"['中国', '小说', '古典', '现代', '青春', '悬疑', '武侠', '历史', '爱情']"
1814127,"['日本', '小说', '漫画', '生活', '青春', '悬疑', '爱情']"
1044772,"['中国', '小说', '人文社科', '现代']"
1470133,"['日本', '漫画', '传记', '青春']"
1442620,"['中国', '小说', '生活', '青春']"
1336330,"['欧美', '童话', '小说', '悬疑', '散文诗歌', '武侠', '科幻玄幻']"
3347997,"['欧美', '小说', '古典', '现代', '悬疑']"
1470159,"['中国', '小说', '生活', '现代', '青春']"
1050349,"['中国', '小说', '生活', '人文社科', '传记', '现代', '青春', '散文诗歌', '历史', '爱情']"
1463013,"['中国', '欧美', '小说', '青春', '悬疑', '科幻玄幻', '历史']"
1427302,"['日本', '小说', '人文社科', '古典', '现代']"
3131048,"['中国', '小说', '生活', '人文社科', '现代', '散文诗歌']"
1049584,"['中国', '小说', '人文社科', '传记', '现代', '散文诗歌', '历史']"
2377002,"['中国', '小说', '现代']"
2277795,"['欧美', '小说', '人文社科', '传记', '现代', '散文诗歌']"
1064862,"['中国', '童话', '小说', '生活', '传记', '现代', '青春', '散文诗歌']"
1088472,"['中国', '小说', '人文社科', '传记', '青春', '散文诗歌', '网文']"
1906681,"['中国', '小说', '生活', '人文社科', '散文诗歌']"
3087020,"['中国', '小说', '生活', '青春', '散文诗歌']"
1061242,"['中国', '小说', '人文社科', '现代', '散文诗歌']"
2149669,"['中国', '日本', '生活', '科技', '人文社科']"
1083003,"['中国', '小说', '现代', '散文诗歌']"
3018339,"['中国', '小说', '人文社科', '现代', '青春']"
1032547,"['中国', '小说', '人文社科', '传记', '现代', '青春', '散文诗歌']"
1489555,"['中国', '小说', '古典', '青春', '历史']"
1793713,"['中国', '欧美', '小说', '生活', '人文社科', '科幻玄幻']"
1433379,"['中国', '小说', '人文社科', '现代', '青春']"
2376336,"['中国', '童话', '小说', '生活', '人文社科', '传记', '现代', '青春', '历史']"
2042241,"['日本', '漫画', '传记', '青春', '科幻玄幻']"
1480980,"['中国', '小说', '生活', '现代', '青春']"
1418707,"['中国', '日本', '小说', '漫画', '青春', '悬疑', '武侠', '科幻玄幻']"
1203258,"['欧美', '小说', '现代', '青春']"
1159949,"['小说', '生活', '经管', '人文社科', '传记']"
2158194,"['日本', '小说', '人文社科', '青春']"
1082172,"['中国', '小说', '现代', '青春']"
3886010,"['中国', '小说', '生活', '人文社科', '散文诗歌']"
1793807,"['欧美', '童话', '小说', '科幻玄幻']"
4149893,"['日本', '小说', '漫画', '生活', '科技', '人文社科']"
1478487,"['中国', '小说', '生活', '青春', '悬疑', '武侠', '科幻玄幻', '网文', '爱情']"
1322342,"['中国', '小说', '生活', '人文社科', '现代', '青春', '散文诗歌']"
3187750,"['日本', '小说', '悬疑', '科幻玄幻']"
2977174,"['中国', '小说', '漫画', '人文社科', '青春', '网文', '爱情']"
1337279,"['日本', '漫画', '生活', '悬疑']"
2174013,"['日本', '小说', '人文社科', '传记', '现代', '青春']"
1039460,"['中国', '欧美', '生活', '人文社科']"
1005193,"['经管', '科技', '人文社科']"
3622904,"['欧美', '生活', '经管', '人文社科', '悬疑']"
1045653,"['中国', '小说', '现代', '青春']"
3683898,"['日本', '小说', '科技', '现代', '悬疑', '科幻玄幻']"
1022632,"['日本', '小说', '人文社科']"
1794333,"['中国', '小说', '人文社科', '散文诗歌']"
1458188,"['日本', '童话', '漫画', '青春', '悬疑', '科幻玄幻', '爱情']"
2086633,"['中国', '欧美', '小说', '青春', '爱情']"
1337292,"['中国', '童话', '小说', '人文社科', '青春', '武侠', '科幻玄幻']"
2170341,"['日本', '漫画', '传记', '青春']"
1436707,"['欧美', '生活', '经管', '人文社科']"
1522230,"['日本', '漫画', '青春', '悬疑', '科幻玄幻', '爱情']"
1001377,"['中国', '童话', '小说', '漫画']"
1258489,"['欧美', '小说', '人文社科', '现代', '科幻玄幻', '历史']"
1027587,"['欧美', '小说', '人文社科', '古典', '现代', '散文诗歌', '科幻玄幻']"
2317974,"['日本', '小说', '经管', '人文社科', '传记', '历史']"
1566311,"['中国', '小说', '传记', '青春']"
