id,name,tag
ID,书籍名称,"作者,书籍名称,类型,"
1046265,挪威的森林,",日,村上春树,小说,小说,爱情,女性,挪威的森林,"
1084336,小王子,",法国,安东尼,德,圣,埃克苏佩里,旅行,童话,童话,小说,小王子,"
1008145,围城,"钱锺书,钱钟书,政治,生活,小说,围城,钱钟书,"
1017143,不能承受的生命之轻,",捷克,米兰,昆德拉,小说,小说,小说,社会,历史,政治,小说,哲学,不能承受的生命之轻,"
1040771,达·芬奇密码,",美,丹,布朗,历史,历史,达·芬奇密码,"
1016300,梦里花落知多少,"郭敬明,郭敬明,小说,奇幻,小说,成长,爱情,成长,梦里花落知多少,"
1529893,莲花,"安妮宝贝,莲花,"
1082154,活着,"余华,活着,"
1026425,三重门,"韩寒,儿童文学,小说,韩寒,韩寒,韩寒,三重门,"
1066462,向左走·向右走,"幾米,几米,设计,几米,幾米,向左走·向右走,"
1770782,追风筝的人,",美,卡勒德,胡赛尼,追风筝的人,"
1400705,情人,",法国,玛格丽特,杜拉斯,杜拉斯,小说,生活,爱情,情人,"
1024217,第一次的亲密接触,"蔡智恒,网络小说,小说,第一次的亲密接触,"
2256039,杜拉拉升职记,"李可,小说,教育,小说,成长,职场,职场,杜拉拉升职记,"
4886245,独唱团,"韩寒,程序,社会,社会,互联网,韩寒,独唱团,"
1007305,红楼梦,",清,曹雪芹著高鹗,爱情,小说,经典,科学,红楼梦,"
1401425,兄弟,"余华,成长,兄弟,"
1065970,彼岸花,"安妮宝贝,小说,生活,爱情,彼岸花,"
1090043,倾城之恋,"张爱玲,张爱玲,倾城之恋,"
1029159,八月未央,"安妮宝贝,庆山,,小说,爱情,散文,情感,情感,八月未央,"
1082518,麦田里的守望者,"J,D,塞林格,社会,生活,电影,爱情,社会,麦田里的守望者,"
1030052,清醒纪,"安妮宝贝,随笔,清醒纪,"
1141406,简爱,",英,夏洛蒂,勃朗特,女性,小说,女性,文学,简爱,"
2256438,素年锦时,"安妮宝贝,小说,散文,情感,穿越,小说,素年锦时,"
2250587,一个人的好天气,",日本,青山七惠,生活,小说,社会,一个人的好天气,"
1465324,洛丽塔,",美,弗拉基米尔,纳博科夫,小说,洛丽塔,"
1059419,海边的卡夫卡,",日,村上春树,小说,小说,二战,小说,魔幻,交互,奇幻,海边的卡夫卡,"
1049219,长安乱,"韩寒,生活,长安乱,"
1061118,活着,"余华,活着,"
1016523,告别薇安,"安妮宝贝,爱情,告别薇安,"
1056733,地下铁,"幾米,社会,社会,生活,地下铁,"
1058234,二三事,"安妮宝贝,小说,小说,二三事,"
1794620,芒果街上的小屋,",美国,桑德拉,希斯内罗丝,小说,成长,芒果街上的小屋,"
1059406,幻城,"郭敬明,文学,文学,幻城,"
1873231,明朝那些事儿,"当年明月,明朝那些事儿,"
1023045,我们仨,"杨绛,钱钟书,生活,回忆录,钱钟书,回忆录,情感,我们仨,"
1050339,文化苦旅,"余秋雨,文化,余秋雨,散文,历史,文化,散文,文化,散文,文化苦旅,"
1917972,在路上,",美国,杰克,凯鲁亚克,小说,社会,文化,在路上,凯鲁亚克,垮掉的一代,"
1041007,哈利·波特与魔法石,",英,J,K,罗琳,哈利·波特与魔法石,"
1029791,许三观卖血记,"余华,余华,小说,许三观卖血记,"
5275059,1988：我想和这个世界谈谈,"韩寒,韩寒,小说,小说,小说,韩寒,历史,韩寒,韩寒,文学,小说,策划,韩寒,韩寒,小说,1988：我想和这个世界谈谈,韩寒,"
1068920,飘,",美国,玛格丽特,米切尔,小说,生活,文化,生活,女性,生活,爱情,政治,经济,文化,历史,爱情,经典,飘,飘,"
1083428,傲慢与偏见,",英,奥斯丁,爱情,爱情,爱情,生活,傲慢与偏见,傲慢与偏见,"
1361264,撒哈拉的故事,"三毛,三毛,散文,三毛,生活,三毛,撒哈拉的故事,"
1009257,哈利·波特与火焰杯,",英,J,K,罗琳,成长,哈利·波特与火焰杯,"
1041482,万历十五年,",美,黄仁宇,历史,历史,历史,社会,历史,万历十五年,历史,中国历史,明清,"
1045818,苏菲的世界,",挪威,乔斯坦,贾德,苏菲的世界,苏菲的世界,"
1071241,哈利·波特与阿兹卡班的囚徒,",英,J,K,罗琳,哈利·波特与阿兹卡班的囚徒,"
1039487,哈利·波特与密室,",英,J,K,罗琳,哈利·波特与密室,"
1034108,零下一度,"韩寒,韩寒,韩寒,教育,韩寒,社会,零下一度,"
1089243,黄金时代,"王小波,政治,文化,黄金时代,王小波,"
1346815,一個人住第5年,"高木直子,生活,生活,生活,生活,一個人住第5年,"
1453210,一座城池,"韩寒,小说,爱情,一座城池,"
1063190,蔷薇岛屿,"安妮宝贝,旅行,生活,散文,小说,蔷薇岛屿,"
3259440,白夜行,",日本,东野圭吾,爱情,白夜行,"
1786670,百年孤独,",哥伦比亚,加西亚,马尔克斯,文化,历史,小说,百年孤独,"
1703544,兄弟,"余华,女性,女性,余华,兄弟,小说,"
1358873,月亮忘記了,"幾米,月亮忘記了,"
1003000,悟空传,"今何在,悟空传,网络小说,"
1009160,像少年啦飞驰,"韩寒,小说,生活,社会,成长,社会,像少年啦飞驰,"
1039752,且听风吟,",日,村上春树,村上春树,小说,且听风吟,"
1255625,天龙八部,"金庸,金庸,小说,金庸,社会,历史,武侠,天龙八部,"
1002299,笑傲江湖,"金庸,金庸,金庸,笑傲江湖,"
1119522,呼啸山庄,"艾米莉,勃朗特,传记,生活,教育,爱情,爱情,传记,文学,艺术,艺术,呼啸山庄,呼啸山庄,"
2062200,悲伤逆流成河,"郭敬明,青春,悲伤逆流成河,"
1049189,1995-2005夏至未至,"郭敬明,生活,美术,生活,1995-2005夏至未至,"
1057244,边城,"沈从文黄永玉卓雅插图,,生活,社会,边城,"
1200840,平凡的世界,"路遥,小说,小说,历史,小说,社会,生活,社会,爱情,社会,平凡的世界,平凡的世界,"
1013380,茶花女,"小仲马,爱情,生活,茶花女,茶花女,"
1014278,红玫瑰与白玫瑰,"张爱玲,张爱玲,红玫瑰与白玫瑰,"
1013129,哈利·波特与凤凰社,",英,J,K,罗琳,哈利·波特与凤凰社,"
1255624,神雕侠侣,"金庸,金庸,情感,心理,情感,神雕侠侣,"
1432596,哈利·波特与混血王子,",英,J,K,罗琳,哈利·波特与混血王子,"
3211779,嫌疑人X的献身,",日本,东野圭吾,数学,嫌疑人X的献身,"
1019568,三国演义,",明,罗贯中,历史,小说,历史,人文,思想,诗词,三国演义,古典文学,"
1040211,福尔摩斯探案全集,",英,阿瑟,柯南,道尔,经典,外国文学,福尔摩斯探案全集,"
1022060,狼图腾,"姜戎,成长,历史,历史,文化,历史,狼图腾,"
1006881,左手倒影，右手年华。,"郭敬明,郭敬明,校园,青春,左手倒影，右手年华。,"
1007914,窗边的小豆豆,",日,黑柳彻子著岩崎千弘图,教育,窗边的小豆豆,黑柳彻子,"
1054685,沉默的大多数,"王小波,杂文,思想,文化,社会,文化,国学,科学,社会,小说,艺术,文学,经典,生活,社会,沉默的大多数,"
1059336,往事并不如烟,"章诒和,历史,往事并不如烟,往事并不如烟,"
2139305,巴别塔之犬,",美,卡罗琳,帕克丝特,爱情,悬疑,小说,悬疑,爱情,巴别塔之犬,"
1082334,穆斯林的葬礼,"霍达,爱情,情感,文化,心理,政治,宗教,穆斯林的葬礼,穆斯林的葬礼,"
1024197,巴黎圣母院,",法,雨果,小说,小说,巴黎圣母院,"
1013225,生活在别处,",捷克,米兰,昆德拉,生活,小说,文学,成长,小说,心理,小说,艺术,成长,心理,诗歌,小说,生活在别处,米兰・昆德拉,外国文学,"
2295163,哈利·波特与死亡圣器,",英,J,K,罗琳,生活,哈利·波特与死亡圣器,哈利波特,"
4742918,1Q84 BOOK 1,",日,村上春树,小说,村上春树,村上春树,村上春树,村上春树,1Q84BOOK1,"
3394338,他的国,"韩寒,青春,他的国,"
1029111,哭泣的骆驼,"三毛,三毛,生活,哭泣的骆驼,三毛,"
2081876,货币战争,"宋鸿兵编著,投资,政治,政治,金融,金融,历史,政治,经济,金融,金融,金融,金融,货币战争,"
2056749,时间旅行者的妻子,",美国,奥德丽,尼芬格,生活,旅行,时间旅行者的妻子,"
3010130,悲观主义的花朵,"廖一梅,爱情,悲观主义的花朵,"
1205370,羊脂球,",法,莫泊桑,小说,文学,文学,文学,艺术,文学,生活,文学,文学,诗歌,经济,生活,生活,文学,生活,社会,艺术,社会,生活,生活,社会,艺术,生活,羊脂球,"
1021847,我的心中每天开出一朵花,"幾米,幾米,我的心中每天开出一朵花,"
1013502,钢铁是怎样炼成的,",苏,尼,奥斯特洛夫斯基,生活,钢铁是怎样炼成的,钢铁是怎样炼成的,"
1856285,人生若只如初见,"安意如,诗词,诗词,诗词,历史,爱情,经典,人生若只如初见,"
1006004,樱桃之远,"张悦然,小说,爱情,小说,郭敬明,樱桃之远,"
1424741,心是孤独的猎手,",美,卡森,麦卡勒斯,小说,小说,小说,心是孤独的猎手,心是孤独的猎手,卡森·麦卡勒斯,"
1863930,看不见的城市,",意,伊塔洛,卡尔维诺,历史,艺术,小说,小说,散文,旅行,历史,文学,游记,生活,生活,生活,生活,心理,看不见的城市,"
1085860,基督山伯爵,",法国,大仲马,小说,基督山伯爵,大仲马,"
1007334,草样年华,"孙睿,生活,爱情,生活,生活,青春,文学,音乐,青春,爱情,生活,草样年华,"
3616310,小团圆,"张爱玲,爱情,张爱玲,张爱玲,历史,历史,情感,小团圆,"
1044547,射雕英雄传,"金庸,金庸,小说,戏剧,电影,射雕英雄传,射雕英雄传,"
3344676,常识,"梁文道,政治,教育,社会,常识,梁文道,"
1227838,年华是无效信,"落落,青春,青春,生活,青春,青春,情感,年华是无效信,"
1204889,机器猫哆啦A梦23,"藤子,F,不二雄,机器猫哆啦A梦23,"
2243213,山楂树之恋,"艾米,小说,山楂树之恋,"
1949338,明朝那些事儿,"当年明月,历史,明朝那些事儿,"
1012203,檞寄生,"蔡智恒,小说,情感,檞寄生,"
1312333,蔷薇岛屿,"安妮宝贝,蔷薇岛屿,"
1926700,关于莉莉周的一切,",日,岩井俊二,音乐,青春,关于莉莉周的一切,"
1389960,七龍珠 34,",日,鸟山明,七龍珠34,"
1014578,我的精神家园,"王小波,王小波,杂文,王小波,王小波,我的精神家园,"
1046209,安徒生童话故事集,",丹麦,安徒生,安徒生童话故事集,"
1023500,告别薇安,"安妮宝贝,告别薇安,"
1388169,乱马1/2,"高桥留美子,乱马1/2,高桥留美子,"
1011754,海子的诗,"海子,海子的诗,海子,"
1851385,我的名字叫红,",土耳其,奥尔罕,帕慕克,生活,爱情,爱情,绘画,我的名字叫红,"
1087758,花季雨季,"郁秀,青春,成长,成长,社会,情感,漫画,教育,花季雨季,"
1018153,水仙已乘鲤鱼去,"张悦然,生活,生活,生活,水仙已乘鲤鱼去,"
1016003,鲁滨逊漂流记,",英,笛福,小说,小说,生活,生活,鲁滨逊漂流记,"
1022238,菊与刀,",美,鲁思,本尼迪克特,文化,文化,菊与刀,"
2567698,三体,"刘慈欣,三体,"
1003284,退步集,"陈丹青,绘画,教育,人文,艺术,退步集,杂文,"
3813669,民主的细节,"刘瑜,民主的细节,"
2034893,那些男孩教我的事,"蔡康永,那些男孩教我的事,"
1291809,世界尽头与冷酷仙境,",日本,村上春树,村上春树,小说,村上春树,小说,村上春树,小说,艺术,社会,世界尽头与冷酷仙境,"
1292416,香水,",德国,帕特里克,聚斯金德,小说,小说,香水,"
1031740,寻羊冒险记,",日,村上春树,村上春树,小说,小说,小说,寻羊冒险记,"
1794844,有一天啊，宝宝……,"蔡康永,生活,有一天啊，宝宝……,"
1064275,老人与海,",美,海明威,老人与海,"
1021056,谁动了我的奶酪？,",美国,斯宾塞,约翰逊,人际关系,健康,谁动了我的奶酪？,"
1070851,倚天屠龙记,"金庸,金庸,金庸,倚天屠龙记,金庸,"
1080370,情书,",日本,岩井俊二,女性,爱情,情感,爱情,小说,爱情,青春,爱情,情书,"
1020670,舞！舞！舞！,",日本,村上春树,生活,社会,村上春树,舞！舞！舞！,"
1421921,幽游白书,"冨樫義博,幽游白书,"
2133556,光荣日,"韩寒,韩寒,小说,光荣日,"
1212893,鹿鼎记,"金庸,金庸,小说,小说,鹿鼎记,韦小宝,"
1367458,照相本子,"幾米,幾米,幾米,照相本子,几米,"
1062326,爱尔兰咖啡,"蔡智恒,爱情,爱尔兰咖啡,"
1431836,我的路,"寂地,设计,我的路,"
1758767,人气绘本天后高木直子作品典藏,",日本,高木直子,绘本,绘本,人气绘本天后高木直子作品典藏,"
1159939,一个陌生女子的来信,",奥,茨威格,小说,一个陌生女子的来信,"
1082387,一九八四·动物农场,",英,乔治,奥威尔,政治,小说,小说,思想,一九八四·动物农场,"
1047138,少年维特的烦恼,",德,歌德,小说,人际关系,少年维特的烦恼,"
1063245,通稿2003,"韩寒,韩寒,杂文,小说,生活,通稿2003,"
1358413,我只能為你畫一張小卡片,"幾米,健康,我只能為你畫一張小卡片,几米,绘本,"
1213546,变形记,",奥地利,弗朗茨,卡夫卡,社会,变形记,"
1221515,灌篮高手31,",日本,井上雄彦,心理,历史,灌篮高手31,"
1080309,尘埃落定,"阿来著,小说,尘埃落定,"
1015452,国境以南 太阳以西,",日本,村上春树,国境以南太阳以西,"
1461903,何以笙箫默,"顾漫,何以笙箫默,"
1848256,东京奇谭集,",日,村上春树,村上春树,小说,小说,小说,村上春树,生活,东京奇谭集,"
1775691,少有人走的路,",美国,斯科特,派克,生活,少有人走的路,"
1125186,半生缘,"張愛玲,半生缘,张爱玲,"
1449351,呐喊,"鲁迅,小说,呐喊,"
1054889,行者无疆,"余秋雨,余秋雨,余秋雨,散文,余秋雨,文化,设计,行者无疆,"
1028916,雨衣,"蔡智恒,雨衣,"
2052448,明朝那些事儿,"当年明月,明朝那些事儿,"
1941558,设计中的设计,",日,原研哉,设计,设计,设计,设计中的设计,"
3311009,原来你非不快乐,"林夕,社会,生活,社会,生活,原来你非不快乐,"
1882933,鬼吹灯之精绝古城,"天下霸唱,考古,鬼吹灯之精绝古城,"
1082150,白银时代,"王小波,生活,白银时代,王小波,"
2143304,我爱问连岳,"连岳,我爱问连岳,"
1082162,第一炉香,"张爱玲,第一炉香,"
1005521,伊豆的舞女,",日,川端康成,伊豆的舞女,"
2022979,喜宝,"亦舒,社会,社会,喜宝,"
1043008,格林童话全集,",德国,格林兄弟,童话,教育,格林童话全集,"
1070441,月亮忘记了,"幾米,幾米,月亮忘记了,"
1020459,此间的少年,"江南,生活,小说,金庸,小说,此间的少年,"
1878708,LA流浪记,"蔡康永,电影,励志,青春,LA流浪记,"
1029553,西游记,"吴承恩,历史,佛教,历史,文学,散文,艺术,社会,生活,小说,鲁迅,小说,社会,社会,思想,艺术,艺术,艺术,艺术,艺术,艺术,西游记,"
1012802,十爱,"张悦然,十爱,"
1007433,红与黑,",法,司汤达,小说,爱情,爱情,爱情,爱情,宗教,社会,管理,社会,艺术,爱情,社会,社会,爱情,爱情,女性,女性,女性,红与黑,"
1085883,青铜时代,"王小波,生活,爱情,爱情,历史,艺术,青铜时代,王小波,"
1228110,天使与魔鬼,",美,丹,布朗,科学,天使与魔鬼,"
1401841,傲慢与偏见,",英,奥斯丁,爱情,小说,小说,爱情,爱情,生活,傲慢与偏见,"
3369600,当我谈跑步时我谈些什么,",日,村上春树,小说,当我谈跑步时我谈些什么,"
1082406,黄金时代,"王小波,政治,文化,政治,历史,黄金时代,王小波,"
4113090,我们台湾这些年,"廖信忠,政治,生活,社会,政治,社会,社会,社会,我们台湾这些年,"
1919072,长尾理论,",美,克里斯,安德森,商业,文化,经济,互联网,长尾理论,"
1767945,一只特立独行的猪,"王小波,文化,杂文,随笔,王小波,一只特立独行的猪,"
4885241,1Q84 BOOK 2,",日,村上春树,小说,村上春树,1Q84BOOK2,"
1336968,一個人上東京,"高木直子,生活,一個人上東京,"
1283273,天黑以后,",日本,村上春树,小说,天黑以后,"
1367964,布瓜的世界,"幾米,幾米,幾米,幾米,幾米,幾米,布瓜的世界,"
1008357,水浒传,"罗贯中,文学,水浒传,水浒传,"
2253642,明朝那些事儿,"当年明月,生活,明朝那些事儿,"
1060068,撒哈拉的故事,"三毛,三毛,散文,三毛,生活,三毛,撒哈拉的故事,"
1086249,荆棘鸟,",澳大利亚,考琳,麦卡洛,小说,爱情,爱情,小说,爱情,荆棘鸟,荆棘鸟,"
1396339,创意市集,"王怡颖,生活,设计,艺术,生活,创意市集,创意,访谈,市集,设计师,"
1858513,月亮和六便士,",英,毛姆,绘画,绘画,艺术,艺术,艺术,社会,小说,小说,月亮和六便士,"
1056868,河童旅行素描本,",日,妹尾河童,游记,河童旅行素描本,"
2082194,小时候,"桑格格,成长,生活,生活,小时候,"
1018136,动物庄园,",英,乔治,奥威尔,历史,政治,小说,管理,政治,动物庄园,"
3646172,恶意,",日本,东野圭吾,爱情,恶意,"
2053249,麦田里的守望者,"J,D,塞林格,小说,校园,小说,文学,社会,生活,生活,社会,生活,生活,文学,麦田里的守望者,"
3323987,杜拉拉2华年似水,"李可,职场,成长,生活,杜拉拉2华年似水,"
1867642,世界是平的,",美,托马斯,弗里德曼,历史,科技,政治,经济,社会,社会,世界是平的,"
4238362,送你一颗子弹,"刘瑜,生活,爱情,电影,社会,生活,送你一颗子弹,"
3642673,我执,"梁文道,爱情,文化,历史,生活,我执,"
1031741,欧也妮·葛朗台,",法,巴尔扎克,青春,欧也妮·葛朗台,"
1858576,一九八四,",英,乔治,奥威尔,政治,小说,小说,思想,一九八四,"
3369793,亲爱的安德烈,"龙应台,文化,文化,通信,文化,亲爱的安德烈,"
1027191,历史深处的忧虑,"林达,生活,生活,文化,生活,文化,文化,文化,文化,历史,历史,历史深处的忧虑,"
1020241,千年一叹,"余秋雨,余秋雨,散文,千年一叹,"
1401840,天使禁獵區,"由貴香織里,天使禁獵區,"
1082138,在细雨中呼喊,"余华,在细雨中呼喊,余华,中国文学,成长,"
1027247,丑陋的中国人,"柏杨,文化,丑陋的中国人,"
1058661,飞鸟集,",印,罗宾德拉纳德,泰戈尔,飞鸟集,"
1316648,查令十字街84号,",美,海莲,汉芙,生活,情感,查令十字街84号,"
3066477,三体Ⅱ,"刘慈欣,科技,科学,三体Ⅱ,"
2171321,找死的兔子,",英,安迪,莱利,漫画,找死的兔子,"
3010133,琥珀·恋爱的犀牛,"廖一梅,戏剧,戏剧,戏剧,琥珀·恋爱的犀牛,"
2209098,致我们终将逝去的青春,"辛夷坞,爱情,生活,致我们终将逝去的青春,辛夷坞,致我们终将逝去的青春,"
1015699,中国大历史,"黄仁宇,历史,历史,历史,社会,历史,历史,思想,教育,中国大历史,历史,中国历史,"
1915536,尘埃星球,"落落,爱情,尘埃星球,"
2143732,灿烂千阳,",美,卡勒德,胡赛尼,生活,女性,爱情,灿烂千阳,小说,"
1082398,梦里花落知多少,"三毛,三毛,三毛,文学,梦里花落知多少,三毛,"
1057206,数字城堡,",美,丹,布朗,程序,数字城堡,"
1074841,葵花走失在1890,"张悦然,小说,心理,成长,葵花走失在1890,"
1205054,悲惨世界,",法,雨果,艺术,社会,生活,政治,生活,小说,思想,艺术,悲惨世界,"
1049354,又寂寞又美好,"幾米,生活,几米,又寂寞又美好,"
1067907,长恨歌,"王安忆,长恨歌,"
1079440,遇到百分之百的女孩,",日,村上春树,遇到百分之百的女孩,"
1044663,许三观卖血记,"余华,生活,生活,生活,小说,生活,小说,许三观卖血记,"
2180619,偷书贼,",澳,马克斯,苏萨克,生活,偷书贼,"
1033825,顾城的诗,"顾城,顾城的诗,"
1474688,機器娃娃,",日,鸟山明,機器娃娃,"
1914636,蛤蟆的油,",日,黑泽明,绘画,电影,艺术,蛤蟆的油,"
3191328,小时代1.0折纸时代,"郭敬明,经济,爱情,生活,生活,郭敬明,小时代1.0折纸时代,"
1914572,誓鸟,"张悦然,历史,魔幻,誓鸟,"
1031575,听幾米唱歌,"幾米,听幾米唱歌,绘本。,"
2339950,被窝是青春的坟墓,"七堇年,青春,成长,散文,被窝是青春的坟墓,"
1085799,白鹿原,"陈忠实,思想,艺术,白鹿原,"
1143694,动物凶猛,"王朔,动物凶猛,"
1013416,雷雨,"曹禺,社会,雷雨,"
1069848,围城,"钱钟书,钱钟书,钱钟书,生活,生活,爱情,围城,"
1059937,微笑的鱼,"幾米,几米,微笑的鱼,繪本,幾米,"
1025753,妻妾成群,"苏童,小说,电影,妻妾成群,"
3009821,明朝那些事儿,"当年明月,明朝那些事儿,"
1043201,毕业那天我们一起失恋,"何员外,爱情,小说,校园,生活,校园,毕业那天我们一起失恋,"
4074636,放学后,",日,东野圭吾,青春,放学后,"
1051193,麦琪的礼物,",美,欧,亨利,小说,当代文学,麦琪的礼物,"
1008074,失乐园,",日,渡边淳一,电影,失乐园,"
1048007,高效能人士的七个习惯,",美国,史蒂芬,柯维,管理,教育,人际关系,管理,管理,管理,高效能人士的七个习惯,成功学,时间管理,个人管理,"
1069685,爱你就像爱生命,"李银河,王小波,王小波,爱你就像爱生命,王小波,"
1068308,雪山飞狐,"金庸,金庸,小说,雪山飞狐,金庸,"
1981355,墨迹,",美国,曾子墨,历史,金融,生活,墨迹,"
2340100,遇见未知的自己,"张德芬,生活,穿越,遇见未知的自己,"
1051797,喜宝,"亦舒,爱情,生活,青春,爱情,喜宝,"
3033668,闪开，让我歌唱八十年代,"张立宪,青春,校园,电影,青春,青春,闪开，让我歌唱八十年代,打架,泡妞,评书,毛片,"
1056461,旅行的艺术,",英,阿兰,德波顿,旅行,旅行,旅行,旅行,旅行,哲学,哲学,文学,旅行,旅行,旅行,旅行的艺术,旅行的艺术,"
1948901,盗墓笔记,"南派三叔,盗墓笔记,"
1013248,向左走·向右走,"幾米,几米,设计,几米,幾米,向左走·向右走,"
1036274,夏洛的网,",美,E,B,怀特,美国,埃尔温,布鲁克斯,怀特,生活,夏洛的网,"
2257188,致女儿书,"王朔,王朔,历史,情感,王朔,社会,王朔,情感,王朔,王朔,致女儿书,"
1046385,毒,"韩寒,随笔,小说,毒,07前,"
2382705,不朽,"落落,成长,成长,不朽,"
1015584,看上去很美,"王朔,王朔,看上去很美,"
1201821,梦的解析,",奥地利,弗洛伊德,名著,科学,思想,梦的解析,弗洛伊德,梦,心理学,梦的解析,心理,奥地利,精神分析,经典,哲学,"
1970428,激荡三十年,"吴晓波,历史,成长,社会,历史,历史,商业,社会,激荡三十年,"
2061644,伤心咖啡馆之歌,",美,卡森,麦卡勒斯,小说,生活,生活,伤心咖啡馆之歌,"
3181927,大便书,",日,寄藤文平,日,藤田纮一郎,绘画,健康,大便书,"
1041550,爱与痛的边缘,"郭敬明,成长,生活,生活,爱与痛的边缘,"
3071717,爱你就像爱生命,"李银河,王小波,王小波,爱你就像爱生命,书信集,"
3071717,爱你就像爱生命,"李银河,王小波,王小波,爱你就像爱生命,书信集,"
1043815,骆驼祥子,"老舍,社会,心理,骆驼祥子,"
3014576,陪安东尼度过漫长岁月,"安东尼,小说,散文,生活,生活,散文,随笔,旅行,陪安东尼度过漫长岁月,"
1180102,恐怖宠物店,",日,秋乃茉莉,恐怖宠物店,"
4741216,我的奋斗,"罗永浩,思想,我的奋斗,"
1076045,连城诀,"金庸,金庸,连城诀,金庸,"
1777823,八十年代访谈录,"查建英主编,诗歌,小说,音乐,美术,电影,哲学,文学,社会,思想,历史,文化,八十年代访谈录,文化,中国,"
1041616,那些忧伤的年轻人,"许知远,校园,青春,那些忧伤的年轻人,青春,随笔,那些忧伤的年轻人,散文,许知远,成长,"
3995526,目送,"龙应台,散文,目送,"
1088065,阿Q正传,"鲁迅著丰子恺绘,历史,文学,鲁迅,阿Q正传,"
1337297,篮球飞人,"井上雄彥,女性,篮球飞人,"
1829226,肖申克的救赎,",美,斯蒂芬,金,小说,电影,小说,小说,肖申克的救赎,"
2035179,动物农场,",英国,乔治,奥威尔,政治,社会,动物农场,"
1985223,倾城之恋,"张爱玲,张爱玲,张爱玲,历史,张爱玲,倾城之恋,"
1440089,那些生命中温暖而美好的事情,"落落,青春,校园,经典,郭敬明,小说,青春文学,青春,设计,那些生命中温暖而美好的事情,"
1018577,霸王别姬 青蛇,"李碧华,爱情,霸王别姬青蛇,"
1426971,野火集,"龙应台,社会,文学,余秋雨,野火集,"
2160556,十万个为什么,",数学,数学,十万个为什么,"
1926103,鬼吹灯之云南虫谷,"天下霸唱,鬼吹灯之云南虫谷,"
1436348,八月未央,"安妮宝贝,庆山,,小说,爱情,散文,情感,情感,八月未央,八月未央,安妮宝贝,"
2297697,ZOO,",日,乙一,ZOO,乙一,"
1015403,今生今世,"胡兰成,张爱玲,生活,爱情,今生今世,"
1291760,会有天使替我爱你,"明晓溪,小说,小说,会有天使替我爱你,"
1020959,斯普特尼克恋人,",日,村上春树,音乐,斯普特尼克恋人,"
1045247,面包树上的女人,"张小娴,爱情,面包树上的女人,"
1581547,聖闘士星矢 1,"車田正美,聖闘士星矢1,"
1916726,鬼吹灯之龙岭迷窟,"天下霸唱,考古,鬼吹灯之龙岭迷窟,"
1469051,左耳,"饶雪漫,青春,成长,成长,左耳,"
1440589,浪客剑心,",日本,和月伸宏,生活,生活,生活,社会,历史,生活,宗教,宗教,社会,生活,科学,策划,生活,流行,社会,管理,文化,文化,通信,浪客剑心,"
1001885,带一本书去巴黎,"林达,历史,历史,艺术,文化,历史,社会,带一本书去巴黎,"
1481362,城市猎人,",日,北条司,漫画,城市猎人,城市猎人,"
1400707,广岛之恋,",法国,玛格丽特,杜拉斯,电影,电影,电影,小说,电影,爱情,电影,电影,文学,电影,电影,电影,电影,文学,小说,小说,杜拉斯,小说,电影,文学,电影,电影,电影,名著,电影,电影,文学,杜拉斯,电影,爱情,杜拉斯,历史,绘画,广岛之恋,"
3191044,华莱士人鱼,",日本,岩井俊二,历史,科学,华莱士人鱼,"
1002898,父与子全集,",德,埃,奥,卜劳恩绘,漫画,艺术,旅行,父与子全集,"
1002898,父与子全集,",德,埃,奥,卜劳恩绘,漫画,艺术,旅行,父与子全集,"
1941301,365夜故事,"鲁兵主编朱延龄插图,生活,童话,童话,童话,365夜故事,"
1963310,大地之灯,"七堇年,成长,大地之灯,"
1358416,1.2.3.木頭人,"幾米,幾米,幾米,1.2.3.木頭人,绘画绘本,"
1006073,七月与安生,"安妮宝贝,庆山,,漫画,漫画,爱情,七月与安生,"
1331571,地下室,"BENJAMIN,音乐,戏剧,音乐,音乐,地下室,"
3009033,杂的文,"韩寒,韩寒,韩寒,电影,韩寒,韩寒,韩寒,杂文,人文,电影,艺术,杂的文,"
1025336,慢,"米兰,昆德拉,生活,小说,小说,历史,慢,"
2154960,一个陌生女人的来信,",奥,斯蒂芬,茨威格,一个陌生女人的来信,"
1949068,最好的时光,"朱天文,电影,电影,电影,电影,小说,随笔,电影,最好的时光,"
1467776,朗读者,",德国,本哈德,施林克,朗读者,"
2363651,十四堂人生创意课,"李欣频,广告,电影,旅行,广告,设计,十四堂人生创意课,李欣频,"
1028270,舒克和贝塔历险记,"郑渊洁,舒克和贝塔历险记,"
4010969,当我们谈论爱情时我们在谈论什么,",美,雷蒙德,卡佛,爱情,生活,生活,社会,当我们谈论爱情时我们在谈论什么,"
1013001,森林唱游,"幾米,幾米,森林唱游,绘本。,"
1055976,碧血剑,"金庸,金庸,金庸,金庸,碧血剑,"
1092149,梵高传,",美,欧文,斯通,艺术,生活,文学,传记,梵高传,"
1006560,血酬定律,"吴思,血酬定律,吴思,"
5363767,三体Ⅲ,"刘慈欣,三体Ⅲ,"
1440468,漩涡,"伊藤潤二,漩涡,"
3608170,我想吃一个小孩,",法,西尔维娜,多尼奥著,法,多萝蒂,德,蒙弗里绘,我想吃一个小孩,漫画,教育,童话,"
1203251,雾都孤儿,",英,狄更斯,小说,社会,雾都孤儿,"
1061367,幸运儿,"幾米,几米,绘本,几米,绘本,诗歌,几米,几米,几米,幸运儿,绘本。,"
1019428,一九七三年的弹子球,",日,村上春树,村上春树,青春,一九七三年的弹子球,"
1000482,山居笔记,"余秋雨,山居笔记,"
1226062,棋魂·光之棋,"梅泽由香里五段,棋魂·光之棋,"
1047851,晃晃悠悠,"石康,生活,生活,晃晃悠悠,07前,"
1096790,黑铁时代,"王小波,王小波,小说,黑铁时代,"
1052828,玩笑,",捷克,米兰,昆德拉,爱情,爱情,生活,爱情,爱情,生活,历史,生活,历史,历史,生活,生活,音乐,艺术,音乐,教育,名著,音乐,电影,艺术,小说,小说,小说,艺术,小说,艺术,小说,玩笑,"
4011440,最初的爱情 最后的仪式,",英,伊恩,麦克尤恩,魔幻,爱情,最初的爱情最后的仪式,"
1417905,废都,"贾平凹,健康,社会,历史,小说,废都,"
1819974,我的路3,"寂地,童话,成长,爱情,童话,童话,生活,成长,历史,童话,我的路3,"
2243692,潜水钟与蝴蝶,",法,让,多米尼克,鲍比,爱情,社会,潜水钟与蝴蝶,潜水钟与蝴蝶,法国,"
1053759,雪国 古都,",日,川端康成,情感,生活,雪国古都,"
2042966,双生水莽,"田原,青春,成长,青春,成长,生活,双生水莽,"
1963684,半生缘,"张爱玲,半生缘,"
1938591,鬼吹灯之昆仑神宫,"天下霸唱,小说,历史,历史,鬼吹灯之昆仑神宫,"
1255288,复活,",俄,列夫,托尔斯泰,社会,小说,社会,复活,经典,外国文学,复活,托尔斯泰,"
1035362,神的孩子全跳舞,",日,村上春树,村上春树,生活,村上春树,村上春树,神的孩子全跳舞,"
1859140,上学记,"何兆武,历史,历史,历史,上学记,"
1008988,了不起的盖茨比,",美,菲茨杰拉德,了不起的盖茨比,"
1033778,富爸爸，穷爸爸,",美,罗伯特,T,清崎莎伦,L,莱希特,投资,富爸爸，穷爸爸,"
1062193,娱乐至死,",美,尼尔,波兹曼,文化,政治,宗教,教育,文化,文化,娱乐至死,娱乐至死,"
1085470,海底两万里,",法国,儒尔,凡尔纳,科幻小说,旅行,旅行,小说,海底两万里,"
1001193,再见了，可鲁,",日,石黑谦吾撰文秋元良平摄影,情感,生活,再见了，可鲁,"
1001193,再见了，可鲁,",日,石黑谦吾撰文秋元良平摄影,情感,生活,再见了，可鲁,"
1439216,伯爵該隱 ~ 诅咒之子,"由貴香織里,生活,社会,社会,伯爵該隱~诅咒之子,"
1223575,文化苦旅,"余秋雨,文化,余秋雨,散文,历史,文化,散文,文化,散文,文化苦旅,"
1021425,照相本子,"幾米,照相本子,照相本子,幾米,"
1440101,就这么漂来漂去,"韩寒,生活,青春,韩寒,就这么漂来漂去,"
1212080,奇鸟行状录,",日,村上春树,村上春树,小说,奇鸟行状录,"
2336093,池袋西口公园,",日,石田衣良,青春,推理小说,小说,生活,社会,生活,小说,社会,小说,青春,经济,池袋西口公园,"
1010464,古汉语常用字字典,",古汉语常用字字典,编写组,诗词,古汉语常用字字典,"
1034282,时间简史,",英,史蒂芬,霍金,时间简史,"
1082399,闹学记,"三毛,三毛,三毛,三毛,生活,旅行,闹学记,三毛,"
1418686,红拂夜奔,"王小波,历史,历史,文化,小说,历史,王小波,历史,历史,王小波,历史,小说,红拂夜奔,王小波,"
1440345,燕尾蝶,",日本,岩井俊二,燕尾蝶,"
1418180,思维的乐趣,"王小波,王小波,杂文,王小波,思维的乐趣,王小波,"
1329941,東京BABYLON ,"CLAMP,東京BABYLON,"
1052380,飞狐外传,"金庸,金庸,成长,女性,爱情,金庸,飞狐外传,飞狐外传,"
1026686,履历表,"幾米,几米,几米,几米,几米,生活,履历表,"
1020961,棋王,"阿城,哲学,生活,历史,历史,文化,文化,历史,文化,棋王,小说,中国文学,"
1016486,笑忘录,",捷克,米兰,昆德拉,文学,小说,旅行,旅行,哲学,小说,小说,哲学,政治,政治,音乐,哲学,文学,政治,小说,笑忘录,"
1056315,总统是靠不住的,"林达,历史,政治,总统是靠不住的,林达,民主,政治,"
1457306,记得,"张彬,策划,文化,漫画,漫画,随笔,漫画,记得,"
3140801,姑获鸟之夏,"京极夏彦,推理小说,推理,推理,社会,姑获鸟之夏,京极夏彥,"
2070012,一个人的第一次,",日,高木直子图文,绘本,漫画,一个人的第一次,"
1419841,神秘的魔法石,",英,J,K,罗琳,生活,生活,神秘的魔法石,"
1474773,海贼王,"尾田荣一郎,海贼王,"
2131415,我的路2,"寂地,我的路2,"
1059112,百年孤独,",哥伦比亚,加西亚,马尔克斯,百年孤独,"
1948502,1995-2005夏至未至,"郭敬明,生活,美术,1995-2005夏至未至,"
4872671,佛祖在一号线,"李海鹏,社会,经济,文化,生活,杂文,社会,思想,佛祖在一号线,"
3274113,明朝那些事儿,"当年明月,成长,明朝那些事儿,"
1051363,中国农民调查,"陈桂棣春桃,中国农民调查,"
1089517,绝代双骄,"古龙,绝代双骄,古龙,"
1391191,京华烟云,"林语堂,小说,二战,历史,社会,社会,京华烟云,"
1192090,球状闪电,"刘慈欣,球状闪电,科幻,"
4242172,天才在左 疯子在右,"高铭,生活,心理,人文,心理学,宗教,天才在左疯子在右,"
1078554,情人,",法,玛格丽特,杜拉斯,杜拉斯,电影,生活,爱情,情人,"
1853785,天是红河岸,"荻原千绘,天是红河岸,"
1003479,中国历代政治得失,"钱穆,政治,政治,历史,政治,文化,政治,中国历代政治得失,中国历史,历史,钱穆,"
1467333,圣传画集,",日本,CLAMP,佛教,心理,漫画,圣传画集,"
1310164,那些男孩教我的事,"蔡康永,散文,散文,那些男孩教我的事,"
1005918,堂吉诃德,"塞万提斯屠孟超,生活,堂吉诃德,"
1959786,圣传,"CLAMP,圣传,"
3103080,须臾,"落落,散文,旅行,旅行,须臾,"
1011662,再袭面包店,",日,村上春树,小说,小说,青春,青春,再袭面包店,"
1596305,泡沫之夏,"明晓溪,泡沫之夏,"
1455933,你好，忧愁,",法国,弗朗索瓦兹,萨冈,小说,生活,生活,女性,生活,生活,你好，忧愁,"
1473250,魔鬼经济学,",美,史蒂芬,列维特,经济学,经济学,社会,经济学,社会,魔鬼经济学,魔鬼经济学,"
3392046,当彩色的声音尝起来是甜的,"科学松鼠会,数学,思想,科普,科普,科普,科学,科普,当彩色的声音尝起来是甜的,"
1361249,地下鐵,"幾米,地下鐵,绘本,几米,"
3315879,恶童日记,",匈牙利,雅歌塔,克里斯多夫,生活,成长,恶童日记,小说,"
1021615,小王子,",法国,安东,德,圣艾修伯里,法国,安东尼,德,圣,埃克苏佩里,童话,小说,小王子,"
2214344,不存在的女儿,",美,金,爱德华兹,生活,成长,社会,不存在的女儿,"
1035477,德伯家的苔丝,",英,哈代,爱情,德伯家的苔丝,"
1025176,设计私生活,"欧阳应霁,设计,设计,设计,设计,设计,设计私生活,欧阳应霁,"
2265995,大象的眼泪,",美,莎拉,格鲁恩,生活,大象的眼泪,"
1330096,挪威的森林,",日,村上春树,青春,小说,小说,爱情,小说,村上春树,挪威的森林,"
1032645,窥视印度,",日,妹尾河童,政治,经济,文化,宗教,宗教,文化,经济,政治,设计,游记,建筑,宗教,历史,文化,绘画,窥视印度,妹尾河童,旅行,印度,"
1321017,九州·缥缈录,"江南,成长,宗教,政治,九州·缥缈录,缥缈录,九州,江南,"
1822793,长安乱,"韩寒,韩寒,韩寒,生活,长安乱,"
3609132,把时间当作朋友,"李笑来,成长,管理,管理,管理,管理,把时间当作朋友,"
1035848,一千零一夜,"人民文学出版社,奇幻,一千零一夜,"
1082349,长恨歌,"王安忆,生活,生活,长恨歌,"
1036684,现代汉语词典,"中国社会科学院语言研究所词典编辑室编,文化,现代汉语词典,"
1827374,东方快车谋杀案,",英,阿加莎,克里斯蒂,东方快车谋杀案,"
2133074,20几岁，决定女人的一生,"南仁淑,投资,20几岁，决定女人的一生,"
1449352,朝花夕拾,"鲁迅,朝花夕拾,"
1075538,普罗旺斯的一年,",英,彼得,梅尔,普罗旺斯的一年,旅行,生活,"
1033190,失落的一角,"谢尔,希尔弗斯坦,艺术,经典,艺术,艺术,经典,失落的一角,绘画,童话,心智,"
1051163,同学少年都不贱,"张爱玲,小说,同学少年都不贱,"
1014533,书剑恩仇录,"金庸,金庸,金庸,小说,小说,书剑恩仇录,金庸,"
1006113,源氏物语,",日,紫式部,小说,文学,文学,文学,生活,社会,政治,生活,爱情,社会,政治,政治,源氏物语,"
1028780,三个A Cup的女人,"张小娴,爱情,爱情,三个ACup的女人,"
1080812,红鞋,"张悦然,设计,成长,成长,情感,红鞋,"
1394364,银河系漫游指南,",英,道格拉斯,亚当斯,名著,穿越,银河系漫游指南,"
1440972,博尔赫斯小说集,",阿根廷,豪,路,博尔赫斯,小说,博尔赫斯小说集,"
1012637,牛虻,"伏尼契,爱尔兰,sfqrewqwer,思想,宗教,牛虻,"
3017857,金锁记,"张爱玲,小说,爱情,张爱玲,社会,两性,心理,思想,两性,小说,社会,心理,小说,心理,艺术,小说,小说,金锁记,"
1203426,人间词话,"王国维,思想,历史,人间词话,王国维,"
1019338,我只能为你画一张小卡片,"幾米,绘本,我只能为你画一张小卡片,绘画绘本,"
2380307,激荡三十年,"吴晓波,成长,激荡三十年,"
1193821,最游记,"峰仓和也,最游记,"
1075495,霜冷长河,"余秋雨,余秋雨,文化,思想,文化,霜冷长河,散文,余秋雨,"
1464716,闍河魅影,"筱原千绘,闍河魅影,Comic,天是红河岸,"
5317075,蔡康永的说话之道,"蔡康永著熊宝插图,蔡康永的说话之道,"
1439894,CLOVER,",日本,CLAMP,CLOVER,"
1424555,HUNTER X HUNTER 1,"冨樫義博,HUNTERXHUNTER1,"
1028409,中国少年儿童百科全书,"林崇德主编,教育,流行,成长,政治,经济,军事,科技,文化,艺术,宗教,中国少年儿童百科全书,"
1060117,不朽,",捷克,米兰,昆德拉,不朽,"
1036067,那小子真帅,",韩,可爱淘,网络小说,小说,漫画,小说,小说,电影,那小子真帅,"
1382838,雨季不再來,"三毛,三毛,三毛,三毛,雨季不再來,三毛,"
2119843,钝感力,",日,渡边淳一,情感,社会,社会,爱情,社会,钝感力,渡边淳一,"
1007928,美国纽约摄影学院摄影教材,"美国纽约摄影学院,经典,摄影,摄影,摄影,摄影,摄影,摄影,摄影,摄影,摄影,艺术,摄影,艺术,广告,摄影,摄影,摄影,摄影,摄影,美国纽约摄影学院摄影教材,美国纽约摄影学院摄影教材,"
1030153,她比烟花寂寞,",加拿大,亦舒,她比烟花寂寞,"
3626924,明朝那些事儿,"当年明月,历史,历史,历史,历史,穿越,小说,历史,历史,明朝那些事儿,"
1001896,新华字典,"中国社会科学院语言研究所编,新华字典,"
1776683,沉默的大多数,"王小波,王小波,沉默的大多数,思想,王小波,随笔,中国文学,"
1004992,张爱玲文集,"张爱玲,生活,宗教,音乐,张爱玲,张爱玲,张爱玲,小说,张爱玲,张爱玲,张爱玲,张爱玲文集,"
1021273,中国哲学简史,"冯友兰,哲学,哲学,哲学,中国哲学简史,"
1004821,理想国,",古希腊,柏拉图,哲学,教育,政治,设计,历史,政治,政治,政治,爱情,爱情,爱情,爱情,理想国,苏格拉底之死,"
1049477,一半是海水一半是火焰,"王朔,一半是海水一半是火焰,王朔,"
2267883,色，戒,"张爱玲,女性,心理,情感,张爱玲,张爱玲,小说,张爱玲,色，戒,小说,张爱玲,"
1082522,家,"巴金,生活,社会,社会,鲁迅,鲁迅,思想,爱情,童话,散文,历史,生活,社会,心理,家,"
1761056,蓝石头,"幾米,幾米,蓝石头,繪本,幾米,"
1051440,在路上,",美国,杰克,凯鲁亚克,小说,社会,文化,在路上,"
1981647,人气绘本天后高木直子作品典藏,",日本,高木直子,绘本,绘本,人气绘本天后高木直子作品典藏,"
1044203,伤花怒放,"郝舫,社会,文化,音乐,社会,文化,伤花怒放,"
1475048,150cm Life 2,",日本,高木直子,150cmLife2,"
1012242,地狱的第19层,"蔡骏,生活,地狱的第19层,"
1021193,皮皮鲁传,"郑渊洁,童话,童话,童话,皮皮鲁传,"
3598313,西决,"笛安,小说,校园,郭敬明,社会学,小说,生活,生活,情感,爱情,成长,西决,"
4010196,世界因你不同,"李开复范海涛,职场,世界因你不同,"
1424694,天堂之吻 ,"矢澤愛,天堂之吻,"
1209899,我与地坛,"史铁生,我与地坛,"
1474842,NANA,"矢泽爱,NANA,"
2567919,匆匆那年,"九夜茴,情感,生活,生活,历史,成长,匆匆那年,"
1119839,王尔德童话,",英,王尔德,诗歌,童话,小说,童话,文学,文学,王尔德童话,"
1080687,厨房,",日本,吉本芭娜娜,生活,厨房,"
1089521,楚留香传奇,"古龙,古龙,古龙,楚留香传奇,楚留香传奇,小说,武侠,"
3006581,无人生还,",英,阿加莎,克里斯蒂,无人生还,"
1132956,白银时代,"王小波,生活,生活,生活,爱情,生活,王小波,王小波,小说,小说,白银时代,"
3091349,鲤·孤独,"张悦然,流行,文学,女性,心理,小说,随笔,生活,鲤·孤独,"
3080607,我爱问连岳Ⅱ,"连岳,我爱问连岳Ⅱ,"
2980812,踮脚张望的时光,"寂地,爱情,踮脚张望的时光,"
4124727,孤独六讲,"蒋勋,情感,文化,社会,孤独六讲,"
1427679,做最好的自己,"李开复,做最好的自己,"
1786387,影响力,",美,罗伯特,西奥迪尼,心理,影响力,"
1082582,天龙八部,"金庸,天龙八部,金庸,"
1781120,可不可以不要上班,"弯弯,经济,政治,职场,成长,经济,职场,可不可以不要上班,"
3879301,微微一笑很倾城,"顾漫,微微一笑很倾城,"
1829836,品三国,"易中天,历史,品三国,"
1083477,包法利夫人,"福楼拜,社会,生活,艺术,小说,小说,散文,经典,经典,小说,文学,文学,文学,小说,文学,社会,社会,思想,哲学,包法利夫人,"
1012611,乌合之众,",法,勒庞,心理,乌合之众,"
1780565,一個人的第一次,",日本,高木直子,一個人的第一次,绘本,高木直子,"
1028404,鲁西西传,"郑渊洁,音乐,音乐,音乐,音乐,音乐,音乐,音乐,音乐,鲁西西传,"
1382846,稻草人手記,"三毛,稻草人手記,"
1003078,小王子,",法,圣埃克苏佩里,生活,文学,生活,小王子,小王子,"
3335362,大教堂,",美,雷蒙德,卡佛,小说,生活,生活,心理,小说,大教堂,"
1398395,狂人日记,"鲁迅,鲁迅,社会,鲁迅,思想,小说,鲁迅,文学,狂人日记,大师经典,"
3187737,占星术杀人魔法,",日,岛田庄司,占星术杀人魔法,岛田庄司,"
1015767,门萨的娼妓,",美,伍迪,艾伦,散文,小说,经典,电影,文学,门萨的娼妓,"
3860856,可爱的洪水猛兽,"韩寒,韩寒,韩寒,杂文,人文,电影,艺术,可爱的洪水猛兽,"
2233893,彼岸花,"安妮宝贝,小说,彼岸花,"
1089512,陆小凤传奇,"古龙,古龙,古龙,小说,情感,金庸,陆小凤传奇,武侠,古龙,"
1012032,查拉图斯特拉如是说,",德,尼采,思想,哲学,自由主义,思想,查拉图斯特拉如是说,查拉图斯特拉如是说,尼采,"
2030664,我的千岁寒,"王朔,王朔,小说,王朔,历史,小说,哲学,王朔,科学,科学,王朔,科学,王朔,王朔,哲学,王朔,电影,小说,王朔,我的千岁寒,"
2008284,佐贺的超级阿嬷,",日本,岛田洋七,生活,佐贺的超级阿嬷,"
2067299,我的路4,"寂地,我的路4,"
3124525,暮色,",美国,斯蒂芬妮,梅尔,爱情,青春,青春,暮色,"
3124525,暮色,",美国,斯蒂芬妮,梅尔,爱情,青春,青春,暮色,"
1914078,三重门,"韩寒,文学,生活,三重门,"
1212894,侠客行,"金庸,小说,侠客行,金庸,"
1873268,ふしぎ遊戯 1,"渡瀬悠宇,ふしぎ遊戯1,"
2057285,盗墓笔记2,"南派三叔,盗墓笔记2,"
3108829,全世爱,"苏小懒,小说,生活,全世爱,"
1052203,局外人,",法,阿尔贝,加缪,小说,小说,文学,哲学,经典,局外人,"
2297706,平面狗,",日本,乙一,生活,平面狗,乙一,"
1343089,LA流浪記,"蔡康永,生活,LA流浪記,"
2317973,素年锦时,"安妮宝贝,小说,散文,情感,穿越,小说,素年锦时,"
1077497,水煮三国,"成君忆,管理,管理,管理,管理,管理,管理,管理,管理,设计,水煮三国,"
1078250,洗澡,"杨绛,小说,政治,小说,洗澡,文革,中国文学,杨绛,知识分子,"
2036345,创意市集2·玩心大发,"王怡颖,商业,创意市集2·玩心大发,人文地理,"
1344548,150cm Life,"高木直子,150cmLife,"
3290010,澜本嫁衣,"七堇年,成长,女性,澜本嫁衣,"
1084973,基督山伯爵,",法,大仲马,小说,基督山伯爵,基督山伯爵,"
1056295,人性的弱点全集,",美国,戴尔,卡耐基,思想,励志,经典,人文,生活,人性的弱点全集,"
1962929,佳期如梦,"匪我思存,校园,佳期如梦,"
1065239,我的宝贝,"三毛,三毛,三毛,三毛,我的宝贝,"
1003148,遗失了一只猫,"幾米,幾米,幾米,遗失了一只猫,"
4714734,这些都是你给我的爱,"文,安东尼,旅行,成长,这些都是你给我的爱,"
1258498,项链,",法,莫泊桑,社会,生活,社会,项链,外国文学,"
3333989,荒废集,"陈丹青,鲁迅,随笔,历史,荒废集,荒废集,陈丹青,"
1914083,像少年啦飞驰,"韩寒,小说,生活,社会,成长,社会,像少年啦飞驰,"
1036243,夜玫瑰,"蔡智恒,生活,生活,爱情,爱情,夜玫瑰,夜玫瑰,蔡智恒,"
1220853,伟大的博弈,",美,约翰,S,戈登,历史,历史,经济,经济,伟大的博弈,"
1319345,18岁给我一个姑娘,"冯唐,小说,生活,生活,18岁给我一个姑娘,冯唐,"
2988943,青灯,"北岛,历史,青灯,"
1968643,无目的美好生活,"洪晃,生活,散文,生活,生活,生活,无目的美好生活,"
2295324,地下乡愁蓝调,"马世芳,音乐,青春,青春,青春,地下乡愁蓝调,"
1034479,我为歌狂,"解嬿嬿曾炜卢颖,校园,小说,流行,流行,生活,小说,小说,我为歌狂,"
1016063,开到荼縻,",香港,亦舒,开到荼縻,"
1458164,她是女子，我也是女子,"黄碧云,她是女子，我也是女子,黄碧云,"
1092335,教父,",美,马里奥,普佐,小说,艺术,社会,社会,社会,教父,"
1931318,于丹《论语》心得,"于丹,经典,生活,文化,女性,情感,生活,思想,经典,经典,经典,于丹《论语》心得,"
1007772,双城记,"查尔斯,狄更斯,成长,爱情,爱情,双城记,"
2042063,伊斯坦布尔,",土耳其,奥尔罕,帕慕克,历史,生活,成长,历史,伊斯坦布尔,"
1867064,八百万种死法,",美,劳伦斯,布洛克,八百万种死法,"
3608208,牧羊少年奇幻之旅,",巴西,保罗,柯艾略,穿越,牧羊少年奇幻之旅,"
1205372,茶花女,",法国,小仲马,茶花女,"
1014825,我也有一个梦想,"林达,社会,社会,社会,我也有一个梦想,"
1001136,彼得·潘,",英国,詹姆斯,巴里,生活,心理,彼得·潘,"
1449348,彷徨,"鲁迅,鲁迅,小说,鲁迅,鲁迅,彷徨,07前,"
3615061,宿命,",日,东野圭吾,社会,宿命,"
1079680,你今天心情不好吗？,",澳,布拉德里,特雷弗,格里夫,你今天心情不好吗？,动物,摄影,"
1433700,孔雀森林,"蔡智恒,心理,心理,爱情,爱情,爱情,心理,爱情,孔雀森林,孔雀森林,蔡智恒,"
1005660,雕刻时光,",苏,安德烈,塔可夫斯基,思想,艺术,穿越,雕刻时光,"
2161892,九故事,"J,D,塞林格,经典,九故事,"
1082584,追忆似水年华 Ⅰ,",法国,马塞尔,普鲁斯特,艺术,小说,小说,小说,追忆似水年华Ⅰ,"
1006197,哈姆莱特,",英,莎士比亚,人文,哈姆莱特,"
1793132,白马啸西风,"金庸,言情,白马啸西风,"
2340955,暖暖,"蔡智恒,生活,情感,暖暖,"
1119528,高老头,",法,巴尔扎克,小说,小说,社会,教育,社会,高老头,"
1013208,如何阅读一本书,",美国,莫提默,J,艾德勒,如何阅读一本书,"
1014561,古文观止,"吴楚材吴调侯,散文,古文观止,"
2052596,退步集续编,"陈丹青,杂文,绘画,艺术,教育,文化,鲁迅,退步集续编,"
1291355,非常道,"余世存编,历史,王小波,非常道,"
2275502,十年一觉电影梦,"张靓蓓编著,电影,电影,成长,电影,文化,十年一觉电影梦,"
1057601,半饱,"欧阳应霁,生活,设计,生活,美食,生活,半饱,"
1442678,魚,",日,伊藤潤二,魚,"
2345727,蜗居,"六六,爱情,蜗居,中国,女人,现代社会,六六,小说,家庭,婚姻,蜗居,生活,"
2359003,沉思录,"马可,奥勒留,生活,沉思录,"
1011882,两个人住,"欧阳应霁,设计,生活,生活,家居,文化,设计,艺术,家居,两个人住,欧阳应霁,"
1763809,红拂夜奔,"王小波,历史,王小波,红拂夜奔,"
1207819,过把瘾就死,"王朔,过把瘾就死,"
1483522,365夜,"鲁兵主编,生活,童话,童话,童话,365夜,"
1008189,西方哲学史,",英,罗素,英,伯特兰,罗素,西方哲学,历史,思想,社会,哲学,社会,生活,西方哲学,历史,西方哲学史,"
1019431,荒村公寓,"蔡骏,荒村公寓,"
2036343,设计，不安于室,"林桂岚,建筑,艺术,建筑,艺术,生活,生活,设计,设计,设计,文化,设计,生活,设计,生活,设计，不安于室,创意,林桂岚,设计,读书,Design,三联,美学,设计，不安于室,生活,"
1035326,一次・图片和故事,",德国,维姆,文德斯,童话,诗歌,旅行,历史,电影,艺术,一次・图片和故事,"
1030366,身份,",捷克,米兰,昆德拉,穿越,身份,"
1026036,北岛诗歌集,"北岛,北岛诗歌集,"
3554154,阿狸·梦之城堡,"hans,童话,绘本,绘本,爱情,阿狸·梦之城堡,"
2193877,你在天堂里遇见的五个人,",美,米奇,阿尔博姆,生活,你在天堂里遇见的五个人,"
3000997,牛奶可乐经济学,",美,罗伯特,弗兰克,经济学,生活,经济学,生活,经济学,经济学,管理,经济学,生活,经济学,商业,经济学,经济学,生活,经济学,经济学,生活,生活,牛奶可乐经济学,"
1369777,NANA 12,"矢澤愛,NANA12,都是爱,"
1012561,上下五千年,"林汉达曹余章,历史,历史,上下五千年,"
2361768,爷爷变成了幽灵,",丹麦,金,弗珀兹,艾克松,文,瑞典,爱娃,艾瑞克松,图,爷爷变成了幽灵,"
1024701,回家真好,"欧阳应霁,生活,设计,回家真好,欧阳应霁,"
1012489,童年 在人间 我的大学,",苏联,马克西姆,高尔基,童年在人间我的大学,"
1024854,成都，今夜请将我遗忘,"慕容雪村,生活,情感,社会,哲学,生活,心理,生活,爱情,社会,教育,小说,青春,生活,情感,生活,成都，今夜请将我遗忘,"
4011670,人间失格,"太宰治,小说,文学,小说,思想,人间失格,"
1963912,正见,",不丹,宗萨蒋扬钦哲仁波切,佛教,电影,佛教,正见,"
1965977,我的抑郁症,",美,伊丽莎白,斯瓦多,我的抑郁症,"
1420862,孩子你慢慢来,"龙应台,女性,生活,散文,孩子你慢慢来,"
2348372,野蛮生长,"冯仑,管理,野蛮生长,"
1186392,约翰·克利斯朵夫,",法,罗曼,罗兰,音乐,艺术,社会,艺术,生活,生活,社会,艺术,爱情,约翰·克利斯朵夫,"
1764915,"I""s","桂正和,电影,漫画,漫画,心理,漫画,I""s,"
3713327,圣女的救济,",日本,东野圭吾,女性,圣女的救济,东野圭吾,推理,"
3246230,鲤·嫉妒,"张悦然,小说,小说,小说,生活,生活,小说,鲤·嫉妒,"
1040104,魔戒,",英国,托尔金,奇幻,文学,魔幻,社会,魔戒,奇幻,小说,"
1796596,左耳,"饶雪漫,爱情,爱情,爱情,左耳,"
1458192,犬夜叉01,"高橋留美子高桥留美子,犬夜叉01,漫画,"
1049688,妞妞,"周国平,妞妞,"
2035162,刀锋,",英,毛姆,小说,刀锋,终年文艺青年,"
1464989,围城,"钱钟书,钱钟书,政治,生活,小说,围城,钱钟书,"
1261153,青蛇,"李碧华,金庸,爱情,青蛇,"
2194123,相约星期二,",美,米奇,阿尔博姆,思想,文化,相约星期二,"
1072319,长腿叔叔,",美国,韦伯斯,戏剧,电影,长腿叔叔,"
1063624,鹿鼎记,"金庸,金庸,金庸,鹿鼎记,金庸,"
1000856,我是猫,",日,夏目漱石,小说,生活,小说,艺术,我是猫,"
1061977,血色浪漫,"都梁,社会,生活,小说,文学,小说,艺术,文化,历史,文化,血色浪漫,"
1044316,瓦尔登湖,",美,亨利,梭罗,生活,生活,生活,经济,思想,瓦尔登湖,"
4009552,幻夜,",日,东野圭吾,幻夜,"
2070844,梦里花落知多少,"三毛,三毛,生活,三毛,文学,三毛,三毛,梦里花落知多少,"
1223845,男人来自火星 女人来自金星,",美国,约翰,格雷,心理,社会,心理,情感,男人来自火星女人来自金星,男人来自火星女人来自金星,"
1438461,窥视日本,",日,妹尾河童,旅行,窥视日本,"
1257365,活了100万次的猫,",日本,佐野洋子,活了100万次的猫,"
1088581,浮生六记,",清,沈复,文学,情感,文学,浮生六记,"
1084082,穆斯林的葬礼,"霍达,小说,生活,爱情,爱情,穆斯林的葬礼,"
2297786,北京，北京,"冯唐,青春,北京，北京,"
1089518,萧十一郎,"古龙,萧十一郎,古龙,"
1017841,老人与海,"海明威,美,,小说,老人与海,"
1441869,没有教不好的学生,"梁星乔,教育,艺术,心理学,教育,思想,教育,科学,没有教不好的学生,"
1975797,Harry Potter and the Deathly Hallows,"J,K,Rowling,HarryPotterandtheDeathlyHallows,"
1827702,点石成金,",美,史蒂夫,克鲁克,设计,设计,心理,设计,设计,设计,设计,设计,设计,点石成金,"
1921479,貧窮貴公子,",日,森永あい,校园,生活,貧窮貴公子,"
2298149,盗墓笔记3,"南派三叔,穿越,盗墓笔记3,"
4618225,不去会死！,",日本,石田裕辅,不去会死！,"
1012747,亦恕与珂雪,"蔡智恒,艺术,科学,爱情,爱情,科学,爱情,艺术,小说,生活,生活,爱情,小说,艺术,科学,爱情,爱情,亦恕与珂雪,"
1419882,消失的密室,",英,J,K,罗琳,管理,消失的密室,"
1048537,布瓜的世界,"幾米,幾米,幾米,幾米,幾米,布瓜的世界,几米,中国,漫画,台湾,幾米,"
1000534,中国少年儿童百科全书,"王德胜,中国少年儿童百科全书,"
1035146,非常罪，非常美,"毛尖,电影,电影,电影,电影,电影,爱情,非常罪，非常美,影评,"
1871471,一座城池,"韩寒,生活,生活,生活,一座城池,"
1777932,寻找无双·东宫西宫,"王小波,王小波,寻找无双·东宫西宫,王小波,"
1422833,多情剑客无情剑,"古龙,古龙,武侠,历史,社会,名著,文学,爱情,古龙,文学,多情剑客无情剑,古龙,"
1047719,傅雷家书,"傅雷,艺术,音乐,通信,思想,生活,艺术,傅雷家书,傅雷,"
1036490,万水千山走遍,"三毛,万水千山走遍,"
1264579,欢乐英雄,"古龙,古龙,古龙,小说,古龙,欢乐英雄,"
3865832,变身,",日,东野圭吾,生活,小说,变身,东野圭吾,外国文学,推理小说,日本,推理,日本文学,日本推理,"
3012517,小姨多鹤,"严歌苓,二战,情感,生活,政治,生活,政治,经济,生活,生活,生活,小姨多鹤,小说,严歌苓,中国文学,"
1021597,一光年的距离有多远,"曾炜,电影,生活,电影,爱情,一光年的距离有多远,"
1368256,你們我們他們,"幾米,幾米,幾米,幾米,幾米,幾米,你們我們他們,幾米,"
3801097,夏天·烟火·我的尸体,",日本,乙一,夏天·烟火·我的尸体,乙一,"
1203244,三个火枪手,"大仲马,三个火枪手,"
1873281,少年残像,"由贵香织里,爱情,少年残像,"
1431779,九州·缥缈录Ⅱ·苍云古齿,"江南,九州·缥缈录Ⅱ·苍云古齿,苍云古齿,缥缈录,九州,江南,"
1432422,草样年华Ⅱ,"孙睿,成长,生活,成长,成长,青春,青春,小说,青春,小说,校园,经典,草样年华Ⅱ,"
1482200,我的精神家园,"王小波,王小波,杂文,王小波,自由主义,思想,思想,我的精神家园,随笔,"
2063819,偷偷爱着你,"中条比纱也,生活,偷偷爱着你,"
1066165,卡尔维诺文集,",意,伊塔洛,卡尔维诺,童话,艺术,童话,小说,童话,艺术,小说,思想,艺术,小说,童话,社会,卡尔维诺文集,"
1370274,Level E,"富樫義博,LevelE,"
1868896,我们去哪儿,"Benjamin,小说,爱情,漫画,漫画,生活,流行,青春,成长,我们去哪儿,"
1898609,吉祥寺咖啡屋,"宮本夕生,吉祥寺咖啡屋,"
3908032,怪诞心理学,",英,理查德,怀斯曼,女性,女性,怪诞心理学,"
1028842,经济学原理,",美国,格里高里,曼昆,经济学,经济,经济,经济学原理,"
1401161,阿茲卡班的逃犯,",英,J,K,罗琳,阿茲卡班的逃犯,"
1032945,荷包里的单人床,"张小娴,荷包里的单人床,"
1418297,蜂蜜與四葉草 1,"羽海野千花,美术,生活,生活,爱情,爱情,建筑,生活,蜂蜜與四葉草1,"
1853323,圈子圈套2,"王强,圈子圈套2,"
2326403,认识电影,",美,路易斯,贾内梯,瑞典,英格玛,伯格曼,日,黑泽明等供图,电影,电影,电影,电影,电影,艺术,电影,电影,电影,电影,电影,电影,电影,电影,电影,认识电影,电影,"
3239824,一个人的电影,"贾樟柯,电影,情感,电影,王朔,生活,电影,青春,经典,电影,一个人的电影,电影,"
1087145,瞬间空白,"安妮宝贝,庆山,,爱情,瞬间空白,"
1026411,你们 我们 他们,"幾米,爱情,幾米,幾米,爱情,爱情,你们我们他们,绘本,07前,"
1060779,圈里圈外,"庄羽,郭敬明,郭敬明,圈里圈外,"
1009393,在细雨中呼喊,"余华,余华,文学,艺术,余华,余华,余华,余华,余华,在细雨中呼喊,中国文学,"
1083474,飘,",美,米切尔,小说,生活,文化,生活,女性,生活,爱情,政治,经济,文化,历史,爱情,经典,飘,"
1064828,好笑的爱,"米兰,昆德拉,艺术史,推理,好笑的爱,"
1049190,森林里的秘密,"几米,旅行,森林里的秘密,绘画绘本,"
1026317,可爱的骨头,"艾丽斯,西伯德,小说,爱情,成长,小说,可爱的骨头,"
1082407,青铜时代,"王小波,生活,爱情,爱情,历史,艺术,王小波,小说,王小波,王小波,小说,小说,青铜时代,"
1017563,我的野生动物朋友,",法,蒂皮,德格雷著阿兰,德格雷茜尔维,罗伯特图,生活,我的野生动物朋友,"
1214898,哈利・波特与凤凰社,"J,K,罗琳,哈利・波特与凤凰社,"
1050175,赫逊河畔谈中国历史,"黄仁宇,历史,政治,人物传记,历史,赫逊河畔谈中国历史,历史学,"
1049348,万历十五年,",美国,黄仁宇,历史,历史,小说,历史,历史,万历十五年,"
1026674,狼的诱惑,",韩国,可爱淘,狼的诱惑,"
1862115,当时只道是寻常,"安意如,生活,情感,当时只道是寻常,欲购,"
1419736,MONSTER-怪物-02,",日本,浦泽直树,心理,MONSTER-怪物-02,"
1089523,七种武器,"古龙,小说,七种武器,"
1844629,灿烂涅槃,"郝舫,音乐,文化,生活,思想,音乐,灿烂涅槃,"
1892491,如果墙会说话,"亦舒,社会,女性,如果墙会说话,"
1032431,卡尔维诺文集,",意,伊塔洛,卡尔维诺,小说,小说,文学,小说,小说,小说,文学,文学,小说,小说,小说,小说,小说,小说,文学,小说,小说,文学,文学,卡尔维诺文集,"
2123957,绝对小孩,"朱德庸,生活,绝对小孩,"
3067169,丑陋的中国人,"柏杨,文化,文学,历史,杂文,漫画,丑陋的中国人,"
1321018,九州·羽传说,"今何在,历史,爱情,九州·羽传说,"
4171951,失落的秘符,",美,丹,布朗,失落的秘符,"
1855343,泡沫之夏Ⅱ,"明晓溪,泡沫之夏Ⅱ,"
1052360,卡尔维诺文集,",意大利,卡尔维诺,小说,旅行,小说,卡尔维诺文集,"
2149655,鬼吹灯Ⅱ之一·黄皮子坟,"天下霸唱,生活,鬼吹灯Ⅱ之一·黄皮子坟,"
1963786,怎样鉴别黄色歌曲,",人民音乐,编辑部,港台,流行,历史,怎样鉴别黄色歌曲,奇书,"
3662594,荒人手记,"朱天文,文学,小说,张爱玲,生活,生活,小说,荒人手记,"
1140727,安德的游戏,"奥森,斯科特,卡德,心理,安德的游戏,"
1818347,尼罗河上的惨案,",英,阿加莎,克里斯蒂,尼罗河上的惨案,"
1070711,城记,"王军,建筑,历史,城记,"
3266968,秘密,"朗达,拜恩,生活,历史,文学,宗教,哲学,健康,人际关系,秘密,心理学,自我成长,"
1433640,猜猜我有多爱你,",英,山姆,麦克布雷尼文,猜猜我有多爱你,"
1865089,瓦尔登湖,"亨利,戴维,梭罗,思想,生活,瓦尔登湖,"
1038267,人淡如菊,",加拿大,亦舒,社会,人淡如菊,"
1089510,流星·蝴蝶·剑,"古龙,流星·蝴蝶·剑,武侠,古龙,"
1807516,罗杰疑案,",英,阿加莎,克里斯蒂,罗杰疑案,"
1030054,水知道答案,"江本胜,科学,水知道答案,"
1070685,永远的普罗旺斯,",英国,彼得,梅尔,生活,生活,生活,生活,健康,生活,永远的普罗旺斯,"
1427788,死神01,"久保帶人,死神01,"
1330009,我的前半生,",加,亦舒,我的前半生,"
2971734,一把雨伞给这天用,",德,威廉,格纳齐诺,一把雨伞给这天用,"
4238754,失恋33天,"鲍鲸鲸,策划,策划,失恋33天,"
1436713,青铜时代,"王小波,小说,青铜时代,"
2130986,美少女战士,",日,武内直子,美少女战士,"
1322066,吃南瓜的人,"亦舒,爱情,吃南瓜的人,"
2008972,沙漏,"饶雪漫,生活,青春,小说,成长,沙漏,饶雪漫,"
1731370,东方快车谋杀案,",英,阿加莎,克里斯蒂,东方快车谋杀案,"
1000445,时间简史,"史蒂芬,霍金,思想,时间简史,"
1030200,失落的一角遇见大圆满,"ShelSilverstein,艺术,经典,艺术,成长,失落的一角遇见大圆满,失落的一角遇见大圆满,"
1364773,鋼之鍊金術師 1,"荒川弘,鋼之鍊金術師1,"
1902628,空谷幽兰,",美,比尔,波特,文化,历史,文化,文化,空谷幽兰,"
2331434,原来你还在这里,"辛夷坞,生活,生活,爱情,原来你还在这里,"
1022492,是你来检阅我的忧伤了吗,"张悦然,是你来检阅我的忧伤了吗,"
5385852,1Q84 BOOK 3,",日,村上春树,小说,村上春树,1Q84BOOK3,小说,日本,"
1033997,呼啸山庄,",英,艾米莉,勃朗特,小说,爱情,呼啸山庄,"
1322328,不羁的风,"亦舒,不羁的风,"
1613372,喜宝,"亦舒,喜宝,亦舒,"
1012039,我的视觉日记,"王小慧,摄影,摄影,艺术,我的视觉日记,王小慧,"
3776157,破事儿,"彭浩翔,破事儿,"
1010362,玫瑰的故事,",香港,亦舒,玫瑰的故事,"
1039840,查特莱夫人的情人,",英,劳伦斯,小说,社会,青春,生活,生活,健康,小说,生活,爱情,查特莱夫人的情人,情色,劳伦斯,英国,"
1937939,河童杂记本,",日,妹尾河童,旅行,生活,河童杂记本,"
2996596,特别的猫,",英,多丽丝,莱辛,文学,情感,特别的猫,"
3326892,圣诞忆旧集,",美,杜鲁门,卡坡蒂,当代文学,经典,圣诞忆旧集,"
1947471,蒼の封印 1,"篠原千絵,蒼の封印1,"
1089515,武林外史,"古龙,古龙,古龙,武侠,古龙,武林外史,"
1433659,失恋排行榜,",英,尼克,霍恩比,爱情,传记,失恋排行榜,"
1075492,洛丽塔,",美国,弗拉基米尔,纳博科夫,洛丽塔,"
1059537,沉重的肉身,"刘小枫,思想,沉重的肉身,刘小枫,哲学,"
3547099,贾想1996—2008,"贾樟柯,电影,电影,艺术,电影,电影,贾想1996—2008,"
3506871,曾有一个人，爱我如生命,"舒仪,爱情,曾有一个人，爱我如生命,"
1085021,蝴蝶梦,",英,达夫妮,杜穆里埃,小说,蝴蝶梦,"
1459623,20世紀少年01,"浦沢直樹,20世紀少年01,"
1460313,哥伦比亚的倒影,"木心,散文,散文,哥伦比亚的倒影,木心,"
3043491,浮沉,"崔曼莉,政治,浮沉,"
1032581,胭脂扣 生死桥,"李碧华,小说,胭脂扣生死桥,李碧華,"
1470158,圆舞,",加,亦舒,生活,爱情,圆舞,"
2294740,诚品副作用,"李欣频,广告,文学,广告,社会,生活,广告,教育,旅行,美食,建筑,爱情,灵修,生活,诚品副作用,"
1441241,富江 PARTIII,"伊藤润二,富江PARTIII,恐怖,漫画,日本,"
1485225,骗局,",美,丹,布朗,科学,科学,科学,骗局,"
1456831,GTO Vol. 1,"TohruFujisawa,GTOVol.1,"
1456831,GTO Vol. 1,"TohruFujisawa,GTOVol.1,"
1102403,机器猫哆啦A梦,",日本,藤子,F,不二雄,成长,机器猫哆啦A梦,"
1060774,君主论,",意,尼科洛,马基雅维里,政治,思想,政治,政治学,政治,历史,君主论,"
1032501,心理学与生活,",美,理查德,格里格,心理学,生活,经典,心理学,心理学,心理学,心理学,教育,思想,心理学与生活,心理学,"
5289756,爱的地下教育,"彭浩翔,教育,爱情,教育,电影,电影,爱的地下教育,"
1058679,人·兽·鬼,"钱钟书,人·兽·鬼,"
3644791,噪音太多,"梁文道,文化,艺术,音乐,噪音太多,"
2136484,如果在冬夜，一个旅人,",意,伊塔洛,卡尔维诺,小说,小说,小说,小说,小说,小说,小说,心理,如果在冬夜，一个旅人,"
2159470,垮掉的一代,",美国,杰克,凯鲁亚克,生活,生活,生活,宗教,传记,社会,文化,垮掉的一代,"
2242467,湖边凶杀案,",日本,东野圭吾,湖边凶杀案,"
1013267,唐诗三百首,"蘅塘退士陈婉俊,流行,唐诗三百首,"
3887826,我兔斯基你,"王卯卯,我兔斯基你,"
1001204,山居笔记,"余秋雨,余秋雨,文化,文化,文化,政治,文化,文化,商业,社会,历史,山居笔记,"
1917078,风之影,",西,卡洛斯,鲁依斯,萨丰,小说,文学,风之影,"
3102324,秘密,",日本,东野圭吾,生活,秘密,东野圭吾,"
2309689,圈子圈套1,"王强,情感,设计,职场,圈子圈套1,"
3013903,漫长的告别,"雷蒙德,钱德勒,小说,小说,漫长的告别,"
1045466,一九八四,"奥威尔,一九八四,乌托邦,英国,"
1077847,史记,"司马迁张守节,史记,"
1069885,你在天堂里遇见的5个人,",美,米奇,阿尔博姆,生活,你在天堂里遇见的5个人,"
3223711,怪诞行为学,",美,丹,艾瑞里,生活,经济,社会,怪诞行为学,"
1101607,列克星敦的幽灵,",日,村上春树,村上春树,生活,文学,列克星敦的幽灵,"
1456034,上海宝贝,"卫慧,小说,文化,管理,女性,文化,小说,艺术,艺术,文化,文学,小说,文化,女性,文化,生活,女性,社会,社会,女性,健康,小说,上海宝贝,现代小说,中国,卫慧,上海宝贝,小说,情欲,上海,中国文学,爱情,"
1485224,悟空传,"今何在,悟空传,悟空传,今何在,"
1023048,情人 乌发碧眼,",法,玛格丽特,杜拉斯,情人乌发碧眼,"
1045201,哲学的慰藉,"德波顿著,哲学,哲学,思想,哲学的慰藉,阿兰·德波顿,"
2240482,走到人生边上,"杨绛,钱钟书,文学,哲学,散文,钱钟书,走到人生边上,杨绛&钱钟书,"
1442680,伊藤潤二恐怖漫畫精選【1】,"伊藤潤二,伊藤潤二恐怖漫畫精選【1】,伊藤润二,"
3162513,魍魉之匣,"京极夏彦,情感,魍魉之匣,京極夏彥,推理,"
2115040,玫瑰的故事,"亦舒,玫瑰的故事,"
1762869,如彗星划过夜空,"林达,设计,思想,历史,政治,历史,如彗星划过夜空,林达,"
1088022,亮剑,"都梁,政治,爱情,亮剑,"
2150240,我讨厌妈妈,"酒井驹子,绘本,情感,我讨厌妈妈,"
2068211,撒哈拉的故事,"三毛,三毛,生活,三毛,三毛,撒哈拉的故事,"
1057197,无知,",捷克,米兰,昆德拉,政治,政治,无知,"
1225977,全球通史,",美,斯塔夫里阿诺斯,经典,经典,名著,全球通史,全球通史,"
1456597,她的二三事,"亦舒,她的二三事,"
1023658,许三观卖血记,"余华,生活,生活,生活,小说,生活,小说,许三观卖血记,最爱,小说,中国文学,"
1119796,十八春,"张爱玲,张爱玲,情感,小说,爱情,小说,历史,历史,张爱玲,小说,历史,张爱玲,张爱玲,张爱玲,十八春,"
2160226,快乐王子,",英,王尔德,童话,童话,童话,童话,童话,快乐王子,"
2284311,苏菲的世界,",挪威,乔斯坦,贾德,小说,哲学,哲学,西方哲学,思想,哲学,哲学,苏菲的世界,"
2033081,身份的焦虑,",英,阿兰,德波顿,哲学,艺术,政治,宗教,社会,身份的焦虑,"
4749115,蔡康永的說話之道,"蔡康永,生活,蔡康永的說話之道,蔡康永,"
1440885,人体使用手册,"吴清忠,流行,养生,人体使用手册,"
1079252,爱情笔记,",英国,阿兰,德波顿,心理,哲学,爱情笔记,"
1962923,西班牙旅行笔记,"林达,旅行,旅行,历史,艺术,文化,人文,艺术,历史,社会,西班牙旅行笔记,林达,"
2282081,香港味道1,"欧阳应霁,历史,香港味道1,"
1874961,嫌疑犯X的獻身,",日本,东野圭吾,生活,嫌疑犯X的獻身,"
1077528,通往奴役之路,"弗里德利希,冯,哈耶克,自由主义,自由主义,设计,历史,社会,社会,设计,思想,思想,社会,自由主义,自由主义,思想,自由主义,政治,思想,自由主义,通往奴役之路,哈耶克,"
1812439,步步惊心,"桐华,穿越,历史,步步惊心,"
1072438,大败局,"吴晓波,web,大败局,"
2158189,海边的卡夫卡,",日,村上春树,小说,小说,二战,小说,魔幻,交互,奇幻,海边的卡夫卡,"
1729284,单行道,",德国,瓦尔特,本雅明,生活,文化,思想,单行道,"
1088743,简・爱,",英,夏洛蒂,勃朗特,爱情,简・爱,"
1258490,基地,",美,艾萨克,阿西莫夫,历史,历史,历史,历史,历史,历史,基地,"
1860750,了不起的盖茨比,",美,弗,司各特,菲茨杰拉德,文学,小说,经典,了不起的盖茨比,"
2280027,自杀俱乐部,",英,尼克,霍恩比,生活,心理,旅行,自杀俱乐部,自杀俱乐部,"
1441707,小蝴蝶小披风,"幾米,幾米,绘本,幾米,生活,小蝴蝶小披风,绘画绘本,"
1382829,萬水千山走遍,"三毛,萬水千山走遍,"
1041111,北京娃娃,"春树,青春,小说,情感,生活,小说,爱情,情感,社会,爱情,青春,北京娃娃,"
1080544,象的失踪,",日,村上春树,文学,小说,小说,艺术,青春,象的失踪,"
1281622,连环,"亦舒,情感,连环,"
1467535,猫眼三姐妹,",日本,北条司,猫眼三姐妹,漫画,"
1794202,苏丝黄的世界,"苏丝黄,经济,健康,苏丝黄的世界,"
1048610,小王子,",法国,安东尼,德,圣,埃克苏佩里,旅行,童话,童话,小说,小王子,"
1765512,海的女儿,"安徒生,海的女儿,"
1765512,海的女儿,"安徒生,海的女儿,"
2118032,窥视工作间,",日,妹尾河童,文学,戏剧,音乐,美术,科学,建筑,政治,窥视工作间,"
1028693,骆驼祥子,"老舍,社会,生活,生活,生活,外国文学,心理,骆驼祥子,"
1004956,阿修羅,"亦舒,生活,阿修羅,"
1138986,名侦探柯南42,"青山刚昌,漫画,推理,名侦探柯南42,"
1382836,傾城,"三毛,三毛,穿越,三毛,傾城,"
1000280,袁氏当国,"唐德刚,历史,历史,教育,历史,文化,袁氏当国,"
3266344,盗墓笔记4,"南派三叔,盗墓笔记4,"
1152701,漂亮朋友,",法国,居伊,德,莫泊桑GuydeMaupassant,思想,艺术,小说,政治,经济,社会,历史,漂亮朋友,漂亮朋友,莫泊桑,"
3537590,朗读者,",德国,本哈德,施林克,爱情,朗读者,"
5366275,我怎样毁了我的一生,",法,贝尔当,桑帝尼文,法,贝尔当,哥地尼图,生活,我怎样毁了我的一生,"
1857446,碧奴,"苏童,爱情,小说,碧奴,"
3151990,达摩流浪者,",美国,杰克,凯鲁亚克,小说,文学,小说,思想,达摩流浪者,"
2201813,藏地密码1,"何马,历史,经典,历史,穿越,历史,藏地密码1,"
3268399,上海堡垒,"江南,爱情,科幻,上海堡垒,江南,上海堡垒,"
1009459,菊花香,",韩,金河仁,菊花香,"
3786755,每天懂一点色彩心理学,",日,原田玲仁,心理学,漫画,每天懂一点色彩心理学,"
1812895,东宫·西宫,"李银河,东宫·西宫,王小波,"
2026939,女心理师,"毕淑敏,心理,情感,心理,心理,心理学,女心理师,"
3053207,侦探伽利略,",日,东野圭吾,科学,侦探伽利略,东野圭吾,小说,推理,日本,"
3111928,安迪·沃霍尔的哲学,",美,安迪,沃霍尔,哲学,艺术,安迪·沃霍尔的哲学,"
1056023,鼠疫,",法,阿尔贝,加缪,鼠疫,"
3610550,鲤·暧昧,"张悦然,文化,文化,文化,电影,张爱玲,生活,随笔,小说,策划,鲤·暧昧,"
1254588,城南旧事,"林海音文关维兴图,小说,电影,电影,思想,建筑,绘本,小说,电影,绘本,音乐,城南旧事,"
2003526,150cm Life 3,",日,高木直子图文,生活,生活,150cmLife3,"
3426869,三生三世 十里桃花,"唐七公子,三生三世十里桃花,"
1812618,电影少女,",日,桂正和,生活,电影少女,"
4159088,理想的下午,"舒国治,旅行,散文,旅行,文学,经典,旅行,旅行,文学,理想的下午,"
2062430,泡沫之夏Ⅲ,"明晓溪,泡沫之夏Ⅲ,"
1937357,萤火之森,"绿川幸,爱情,爱情,萤火之森,"
1547265,她比烟花寂寞,",加,亦舒,她比烟花寂寞,"
1361258,圓舞,",加拿大,亦舒,圓舞,"
1919201,七夜雪,"沧月,七夜雪,沧月,"
1361263,哭泣的駱駝,"三毛,三毛,生活,三毛,哭泣的駱駝,三毛,"
1019485,心相约,"陈鲁豫,余秋雨,心相约,"
1037954,告别圆舞曲,",捷克,米兰,昆德拉,小说,当代文学,小说,政治,哲学,告别圆舞曲,"
1798557,BOY圣子到,"梅泽春人,漫画,漫画,校园,漫画,校园,社会,漫画,BOY圣子到,"
1277981,社会契约论,",法,卢梭,思想,政治,社会,社会,社会,思想,社会契约论,"
1907739,当世界年纪还小的时候,",德,于尔克,舒比格著,德,罗特劳特,苏珊娜,贝尔纳图,童话,当世界年纪还小的时候,"
2032117,纽约三部曲,",美,保罗,奥斯特,纽约三部曲,"
1318427,蓝海战略,",韩,W,钱,金,美,勒妮,莫博涅,蓝海战略,"
1045926,傲慢与偏见,",英国,简,奥斯汀,小说,名著,小说,爱情,小说,爱情,小说,名著,傲慢与偏见,"
1186350,红字,"霍桑,社会,红字,"
2230208,我的前半生,"亦舒,我的前半生,"
2133254,流血的仕途,"曹昇,流血的仕途,曹三公子,"
1043579,美容大王,"徐熙媛,美容大王,"
1008732,失败之书,"北岛,散文,散文,散文,社会,散文,失败之书,"
3088496,HANA,"hansey,文学,生活,生活,HANA,MiMZii,HANA,hansey,"
1046172,流金岁月,",加拿大,亦舒,社会,生活,生活,流金岁月,"
2257609,圈子圈套3,"王强,职场,职场,圈子圈套3,"
1452610,蟲師 ,"漆原友纪,蟲師,"
1151873,我是你爸爸,"王朔,王朔,文化,教育,我是你爸爸,"
1424373,电影×音乐,"罗展凤,电影,音乐,电影,音乐,电影,电影,音乐,电影×音乐,影评。,"
1759860,不许联想,"王小峰,随笔,社会,随笔,生活,流行,文化,不许联想,王晓峰,博客,"
1270508,失焦,",匈,罗伯特,卡帕,二战,摄影,摄影,摄影,失焦,人物与印迹,"
1025721,朗文·外研社新概念英语,"何其莘,英,亚历山大,朗文·外研社新概念英语,语言,英语,"
1927782,D・N・A²,"桂正和,女性,D・N・A²,"
1392604,金田一少年事件簿①,",日,金成阳三郎著,日,佐藤文也绘,推理,漫画,金田一少年事件簿①,"
1427288,小妇人,",美,路易莎,梅,奥尔科特,小说,生活,爱情,生活,音乐,艺术,成长,文学,经典,情感,生活,小妇人,"
1939182,美国众神,",英国,尼尔,盖曼,穿越,旅行,生活,美国众神,"
1789837,射雕英雄传,"金庸,金庸,小说,戏剧,电影,射雕英雄传,"
2294993,纽约琐记,"陈丹青,生活,艺术,生活,纽约琐记,纽约琐记,陈丹青,"
1433050,圈子圈套,"王强,小说,小说,生活,小说,小说,营销,营销,圈子圈套,"
1394536,我的心中每天開出一朵花,"幾米,幾米,幾米,我的心中每天開出一朵花,绘画绘本,"
1927902,九型人格,",美,海伦,帕尔默,流行,思想,思想,九型人格,"
1049522,西西弗的神话,",法,加缪,哲学,西西弗的神话,小说,"
1061563,放大意大利,"欧阳应霁,设计,设计,设计,设计,经典,放大意大利,意大利,创意,设计,欧阳应霁,生活,"
1180108,恐怖宠物店,"秋乃茉莉,生活,魔幻,爱情,青春,经典,漫画,漫画,漫画,漫画,恐怖宠物店,"
1781300,玛塔,"猪乐桃,奇幻,成长,散文,散文,玛塔,绘本,MATA,"
1081422,卡夫卡小说全集,",奥,卡夫卡,卡夫卡小说全集,"
1047447,去中国的小船,",日,村上春树,村上春树,小说,去中国的小船,"
2584971,计数器少年,"石田衣良,穿越,计数器少年,"
1427825,中国人史纲,"柏杨,历史,历史,历史,算法,中国人史纲,"
1440992,一天,"BENJAMIN,一天,"
1217071,樱桃之远,"张悦然,小说,爱情,小说,郭敬明,樱桃之远,"
2271582,又来了，找死的兔子,",英,安迪,莱利,设计,又来了，找死的兔子,"
1049215,借我一生,"余秋雨,余秋雨,散文,余秋雨,文化,余秋雨,借我一生,"
1082577,黑铁时代,"王小波,王小波,王小波,小说,杂文,王小波,文学,王小波,小说,王小波,经典,黑铁时代,"
2214350,幻影书,",美,保罗,奥斯特,电影,幻影书,小说,保罗·奥斯特,美国文学,"
2265312,鬼吹灯Ⅱ之二·南海归墟,"天下霸唱,鬼吹灯Ⅱ之二·南海归墟,盗墓,鬼吹灯,"
1394433,藍宇,"北京同志,政治,藍宇,"
1313124,赢,",美,杰克,韦尔奇,管理,生活,商业,生活,管理,生活,管理,艺术,商业,管理,赢,赢,杰克•韦尔奇,"
1949925,沉落的黄昏,",日,江国香织,小说,沉落的黄昏,江国香织,"
2159042,挪威的森林,",日,村上春树,小说,小说,爱情,女性,挪威的森林,"
2129427,三毛从军记全集,"张乐平,三毛从军记全集,"
3316422,猫国物语,",日,莫莉蓟野,生活,旅行,生活,猫国物语,日本文学,绘本,猫,"
2258803,一個人去旅行,",日本,高木直子,旅行,旅行,旅行,旅行,旅行,一個人去旅行,"
1897413,一点旧一点新,"亦舒,生活,心理,一点旧一点新,"
1069059,雪国,",日,川端康成,人文,雪国,"
1023709,被背叛的遗嘱,"米兰,昆德拉,艺术,历史,历史,历史,历史,艺术,历史,文学,政治,宗教,被背叛的遗嘱,"
1884249,当我们旅行,",澳,托尼,惠勒,旅行,历史,旅行,旅行,当我们旅行,"
1071794,魔戒,"托尔金,奇幻,文学,魔幻,社会,魔戒,奇幻,英国,"
1089511,三少爷的剑,"古龙,古龙,三少爷的剑,"
1082173,面包树出走了,"张小娴,爱情,爱情,爱情,面包树出走了,"
1220219,阴阳师,",日,梦枕貘,历史,阴阳师,"
3608235,失物之书,",爱尔兰,约翰,康诺利,二战,失物之书,成人童话,约翰·康诺利,"
1262986,我不是教你诈,",美,刘墉,社会,我不是教你诈,"
1161852,天意,"钱莉芳,历史,历史,历史,天意,科幻小说,"
1858410,万历十五年,",美,黄仁宇,历史,历史,历史,社会,历史,历史,万历十五年,"
3621252,曾经,"林夕,生活,曾经,林夕,香港,散文,"
1004088,长袜子皮皮,",瑞典,阿斯特丽德,林格伦,生活,长袜子皮皮,"
1170801,泰戈尔诗集,",印度,拉宾德拉纳特,泰戈尔,诗歌,生活,泰戈尔诗集,"
2032666,零下一度,"韩寒,韩寒,随笔,杂文,生活,韩寒,韩寒,韩寒,韩寒,生活,杂文,韩寒,金庸,王朔,零下一度,"
3162527,魍魉之匣,",日,京极夏彦,情感,魍魉之匣,京極夏彥,推理,"
1471391,有一天啊，寶寶,"蔡康永,生活,有一天啊，寶寶,"
1416954,檞寄生,"蔡智恆,檞寄生,蔡智恆,痞子蔡,网络小说,小说,檞寄生,爱情,蔡智恒,"
1000517,故事新编,"鲁迅裘沙王伟君图,鲁迅,小说,历史,社会,艺术,鲁迅,艺术,鲁迅,故事新编,"
1040397,假如给我三天光明,"海伦,凯勒,helenkeller,,生活,女性,假如给我三天光明,"
1058759,魔戒,",英国,托尔金,奇幻,文学,魔幻,社会,历史,历史,魔戒,"
1485495,楼下的房客,"九把刀,小说,悬疑,思想,楼下的房客,九把刀,"
2009825,绾青丝Ⅰ,"波波,绾青丝Ⅰ,"
1043485,檀香刑,"莫言,小说,思想,爱情,小说,小说,小说,流行,历史,小说,檀香刑,"
4173403,温柔的叹息,",日,青山七惠,成长,小说,温柔的叹息,"
3274851,原谅我红尘颠倒,"慕容雪村,经济,原谅我红尘颠倒,"
1017839,带着鲑鱼去旅行,"安伯托,艾柯殳俏,生活,旅行,带着鲑鱼去旅行,杂文,"
1062134,狼图腾,"姜戌,成长,历史,历史,文化,历史,狼图腾,"
1805514,阳光下的罪恶,",英,阿加莎,克里斯蒂,阳光下的罪恶,"
1337303,笑傲江湖,"金庸,笑傲江湖,"
1083375,活不明白,"孙睿,爱情,社会,爱情,社会,社会,活不明白,孙睿,活不明白,"
3678694,窗灯,",日,青山七惠,小说,生活,女性,心理,社会,窗灯,"
5292912,1988：我想和这个世界谈谈,"韩寒,韩寒,韩寒,1988：我想和这个世界谈谈,小说,"
1382833,送你一匹馬,"三毛,送你一匹馬,"
1279212,十日谈,"薄迦丘,流行,爱情,思想,十日谈,"
1004322,第二性,",法,西蒙娜,德,波伏娃,思想,文学,思想,社会,女性,哲学,女性,两性,历史,哲学,生活,小说,小说,经典,哲学,女性,两性,女性,女性,女性,心理,历史,经济,历史,经济,社会,社会,文学,第二性,西蒙娜・德・波伏娃,"
1020128,论摄影,",美国,苏珊,桑塔格,摄影,生活,艺术,摄影,艺术,摄影,摄影,摄影,摄影,摄影,摄影,摄影,社会,摄影,文化,经济,摄影,社会,论摄影,"
3246904,蒂凡尼的早餐,",美,杜鲁门,卡波特,爱情,小说,电影,经典,蒂凡尼的早餐,"
1212453,蛋白质女孩,"王文华,爱情,文化,蛋白质女孩,王文华,"
3667783,月,"安妮宝贝,庆山,,青春,音乐,音乐,摄影,设计,音乐,艺术,音乐,爱情,音乐,音乐,小说,月,"
1400717,写作,",法国,玛格丽特,杜拉斯,杜拉斯,电影,写作,杜拉斯,写作,"
4152754,时生,",日,东野圭吾,悬疑,穿越,推理,小说,时生,"
1025243,雨季不再来,",台湾,三毛,三毛,三毛,成长,三毛,雨季不再来,"
1030470,香草山,"余杰,香草山,"
1868698,为什么读经典,",意,伊塔洛,卡尔维诺,经典,经典,为什么读经典,"
1458186,人魚之傷,"高橋留美子,人魚之傷,高橋留美子,"
2383005,巴黎手作创意人,"EditionsdeParis编著,手工,生活,设计,流行,巴黎手作创意人,创意,手工,巴黎,生活,"
1064271,多余的素材,"陈丹青,管理,多余的素材,"
1016806,与安东尼奥尼一起的时光,",德国,维姆,文德斯,电影,电影,经典,电影,电影,电影,电影,思想,电影,电影,电影,与安东尼奥尼一起的时光,文艺戏剧,"
1433377,生命中不能承受之轻,",捷克,米兰,昆德拉,小说,小说,小说,社会,历史,政治,小说,哲学,生命中不能承受之轻,生命中不能承受之轻,米兰·昆德拉,"
2071404,一个人泡澡,",日,高木直子图文,日本,高木直子,经济,生活,一个人泡澡,"
1823349,Happy Birth Day,"阿信,女性,摄影,HappyBirthDay,"
1452923,九州·斛珠夫人,"萧如瑟,九州·斛珠夫人,"
1275608,神秘岛,",法,儒勒,凡尔纳,科幻小说,小说,神秘岛,"
3905366,迟到的间隔年,"孙东纯,社会,生活,社会,人际关系,社会,社会,生活,文化,文化,文化,生活,社会,旅行,教育,旅行,旅行,社会,社会,生活,旅行,社会,旅行,迟到的间隔年,"
1753798,Zetsuai 01,"尾崎南,Zetsuai01,"
1292227,霍乱时期的爱情,",哥,加西亚,马尔克斯,爱情,小说,小说,爱情,爱情,爱情,爱情,爱情,爱情,爱情,爱情,爱情,爱情,爱情,爱情,小说,历史,历史,霍乱时期的爱情,外国小说,"
1986590,小王子,",法,圣,埃克苏佩里,台,曾铭祥图,法国,安东尼,德,圣,埃克苏佩里,小王子,"
1000323,电视人,",日,村上春树,村上春树,小说,电视人,"
1069071,岛,"郭敬明王泽,郭敬明,设计,郭敬明,郭敬明,郭敬明,郭敬明,策划,郭敬明,成长,岛,岛,郭敬明,I5LAND,"
1927869,完美小姐进化论 7,"早川智子,完美小姐进化论7,"
1321789,美丽新世界,",英国,阿道司,赫胥黎,经典,文学,心理学,社会,社会,社会,政治,社会,生活,社会,情感,爱情,美丽新世界,"
1964044,新撰组异闻录,"黑乃奈奈绘,新撰组异闻录,"
1449661,梦·想家,"欧阳应霁,家居,生活,艺术,梦·想家,欧阳应霁,"
1322158,同门,"亦舒,同门,"
1059258,道德经,"黄元吉,思想,道德经,"
1046175,寻常放荡,"欧阳应霁,旅行,旅行,旅行,旅行,旅行,旅行,旅行,寻常放荡,人文地理,"
1476651,社会心理学,",美,戴维,迈尔斯,社会,社会,社会心理学,"
1255598,人淡如菊,",加,亦舒,社会,人淡如菊,"
1151876,顽主,"王朔,顽主,"
1073708,牡丹亭,"汤显祖,思想,艺术,小说,小说,小说,社会,社会,生活,青春,小说,爱情,爱情,爱情,牡丹亭,"
2160292,神谕之夜,",美,保罗,奥斯特,魔幻,生活,神谕之夜,Auster,"
1016204,不过如此,"崔永元,不过如此,"
1316622,诛仙1,"萧鼎,诛仙1,诛仙,萧鼎,"
2253753,九州·缥缈录Ⅲ·天下名将,"江南,九州·缥缈录Ⅲ·天下名将,缥缈录,九州,江南,"
1999037,薄荷关系,"吉住涉,旅行,生活,薄荷关系,"
1369776,近所物語,"矢澤愛,生活,近所物語,"
1046492,國史大綱,"錢穆,思想,政治,國史大綱,"
3274182,莲花,"安妮宝贝,穿越,莲花,"
1205373,苔丝,"托马斯,哈代,生活,生活,生活,苔丝,"
1827578,输赢,"付遥,小说,职场,情感,输赢,"
1037602,别闹了，费曼先生,",美,理查德,费曼,历史,别闹了，费曼先生,传记,物理学家,"
1925218,翻译官,"纪媛媛,小说,爱情,翻译官,"
1481371,封神演義 1,"藤崎龙,封神演義1,"
1034067,美的历程,"李泽厚,艺术,文学,艺术,艺术,绘画,小说,美的历程,"
1915337,百变小红帽,",美,凯瑟琳,奥兰丝汀,童话,女性,历史,百变小红帽,"
1340986,你睡不著我受不了,"蔡康永,生活,你睡不著我受不了,"
1322320,这样的爱拖一天是错一天,"亦舒,这样的爱拖一天是错一天,"
1050743,西藏生死之书,",美,索甲仁波切,西藏生死之书,西藏生死之书,"
1139726,X.13,"杨柳,穿越,X.13,"
1075743,我把青春献给你,"冯小刚,情感,青春,情感,艺术,青春,青春,我把青春献给你,"
2360269,タッチ 完全版,"あだち充,タッチ完全版,"
1009931,潘金莲之前世今生 诱僧,"李碧华,潘金莲之前世今生诱僧,"
2284090,开到荼蘼,"亦舒,开到荼蘼,"
1082578,理想国与哲人王,"王小波,王小波,杂文,王小波,杂文,思想,王小波,王小波,人文,王小波,王小波,思想,自由主义,王小波,思想,王小波,王小波,理想国与哲人王,"
1322248,寂寞的心俱乐部,"亦舒,寂寞的心俱乐部,"
1865891,神了,"连岳,随笔,社会,宗教,人文,社会,神了,"
1212152,萤,",日,村上春树,村上春树,村上春树,村上春树,萤,"
1072842,支离破碎,"石康,音乐,支离破碎,小说,07前,"
3577218,中国不高兴,"宋晓军,社会,生活,中国不高兴,"
3672237,裂舌,",日本,金原瞳,小说,小说,社会,生活,情感,裂舌,"
1322025,卓有成效的管理者,"彼得,德鲁克,思想,卓有成效的管理者,管理,"
2170629,X.1,",日本,CLAMP,穿越,漫画,X.1,"
1456524,这个世界会好吗,",美国,艾恺,文化,政治,思想,社会,生活,这个世界会好吗,"
1089509,圆月弯刀,"古龙,圆月弯刀,"
1000594,旋转木马鏖战记,",日,村上春树,心理,爱情,青春,村上春树,旋转木马鏖战记,"
1055486,魔法蛋糕店,"张小娴,爱情,爱情,数学,爱情,爱情,魔法蛋糕店,张小娴,"
1459149,我想跟你走,"刘若英,生活,生活,生活,摄影,我想跟你走,刘若英,"
1382840,背影,"三毛,背影,"
1064682,稻草人手记,",台湾,三毛,稻草人手记,三毛,"
1792668,苏东坡传,"林语堂,传记,苏东坡传,"
1069628,那小子真帅2,",韩,可爱淘,小说,爱情,爱情,爱情,那小子真帅2,"
1263399,无人生还,"阿加莎,克里斯蒂,小说,无人生还,"
3073494,人淡如菊,",加,亦舒,社会,人淡如菊,"
1005279,皮皮鲁和鲁西西的故事,"郑渊洁,童话,童话,成长,童话,童话,皮皮鲁和鲁西西的故事,"
2267630,凯尔特的薄暮,",爱尔兰,W,B,叶芝,诗歌,文化,魔幻,文化,魔幻,诗歌,思想,凯尔特的薄暮,爱尔兰,诗歌,W.B.叶芝,"
1030469,青鸟,",比,莫里斯,梅特林克著乔治特,莱勃伦克改编若尔热特,勒布朗,童话,青鸟,"
1883245,诗经,"孔丘,诗歌,诗经,古典文学,"
1981042,万历十五年,",美国,黄仁宇,经典,社会,历史,历史,历史,历史,万历十五年,"
1468493,梦回大清,"金子,生活,小说,梦回大清,"
1868786,列侬回忆,",美,扬,温纳,艺术,音乐,列侬回忆,"
1480630,天涯·明月·刀,"古龙,古龙,天涯·明月·刀,"
2154079,追风筝的人,",美,卡勒德,胡赛尼,追风筝的人,"
1448761,像一块滚石,",美,鲍勃,迪伦,回忆录,文化,回忆录,散文,文化,像一块滚石,"
1062235,卖海豚的女孩,"张小娴,张小娴,爱情,爱情,爱情,卖海豚的女孩,"
1855531,橘子酱男孩,"吉住涉,生活,生活,橘子酱男孩,"
1076654,孽子,"白先勇,孽子,小说,"
1036541,疯癫与文明,",法,米歇尔,福柯,历史,历史,文化,历史,历史,疯癫与文明,法国,"
1887754,失乐园1,"幾米,幾米,失乐园1,绘本,几米,"
1018482,汤姆・索亚历险记,",美,马克,吐温,小说,生活,生活,汤姆・索亚历险记,汤姆・索亚历险记,马克吐温,外国文学,"
2039490,灵猫,"筱原千绘,灵猫,"
1914127,宮崎あおい写真集 20TH ANNIVERSARY 「光」,"マグナス,宮崎あおい写真集20THANNIVERSARY「光」,"
3016219,二三事,"安妮宝贝,小说,小说,小说,二三事,"
1038744,来来往往,"池莉,爱情,来来往往,"
2340300,鬼吹灯Ⅱ之三·怒晴湘西,"天下霸唱,历史,鬼吹灯Ⅱ之三·怒晴湘西,"
1031818,我爱阳光,"许佳,生活,青春,生活,成长,教育,我爱阳光,"
1049361,比我老的老头,"黄永玉,美术,比我老的老头,"
1859649,生命的不可思议,"胡因梦,成长,两性,成长,传记,生命的不可思议,asklove,"
1024889,大灰狼罗克,"郑渊洁,生活,大灰狼罗克,"
1329959,尼罗河上的惨案,",英,阿加莎,克里斯蒂著,宫英海译,尼罗河上的惨案,"
1401795,时间的玫瑰,"北岛,诗歌,传记,诗歌,思想,思想,诗歌,历史,思想,诗歌,文化,穿越,时间的玫瑰,诗歌译介,北岛,"
2042907,品三国,"易中天,历史,品三国,"
1324985,我是鸡汤,"连岳,爱情,生活,我是鸡汤,"
1351652,路德維希革命1,"由貴香織里,女性,路德維希革命1,"
3682204,佐藤可士和的超整理术,",日,佐藤可士和,设计,佐藤可士和的超整理术,"
1213945,红楼梦,"曹雪芹高鹗,小说,社会,生活,历史,生活,小说,文学,思想,艺术,艺术,社会,生活,历史,红楼梦,"
1764991,我的阴阳两界·革命时期的爱情,"王小波,爱情,生活,小说,王小波,我的阴阳两界·革命时期的爱情,"
1907199,扫起落叶好过冬,"林达,历史,思想,扫起落叶好过冬,林达,"
1212488,罗密欧与朱丽叶,",英,莎士比亚,戏剧,成长,戏剧,社会,艺术,爱情,爱情,爱情,爱情,爱情,爱情,罗密欧与朱丽叶,"
1084919,三月里的幸福饼,"张小娴,爱情,爱情,张小娴,青春,小说,历史,三月里的幸福饼,"
1431880,CLOVER,"CLAMP,CLOVER,"
1342817,哈利波特5 鳳凰會的密令,",英,J,K,罗琳,哈利波特5鳳凰會的密令,HarryPotter,"
1096118,流浪的面包树,"张小娴,流浪的面包树,"
1026035,你看起来好像很好吃,",日本,宫西达也,你看起来好像很好吃,"
1011977,先锋戏剧档案,"孟京辉编,戏剧,戏剧,戏剧,戏剧,先锋戏剧档案,"
1793721,琴声如诉,",法国,玛格丽特,杜拉斯,社会,爱情,琴声如诉,玛格丽特·杜拉斯,"
3729756,鲤·最好的时光,"张悦然,情感,社会,张爱玲,文学,文学,成长,青春,生活,电影,小说,小说,随笔,生活,小说,鲤·最好的时光,张悦然,鲤,"
1905830,风色四叶草,"杨萄,经典,经典,风色四叶草,"
3373490,鲤·谎言,"张悦然,文学,生活,推理小说,童话,鲤·谎言,"
1495303,魔卡少女樱,",日本,CLAMP,魔卡少女樱,"
1039389,朗文·外研社新概念英语,",英,亚历山大,Alexander,L,G,,何其莘编著,朗文·外研社新概念英语,工具书,英语,"
1789841,倚天屠龙记,"金庸,金庸,倚天屠龙记,"
1013369,格调,"保罗,福塞尔,美,,社会,社会,社会,格调,格调,"
1083257,烈火如歌,"明晓溪,烈火如歌,"
1856025,道连·葛雷的画像,",英,奥斯卡,王尔德,青春,小说,道连·葛雷的画像,名著,外国文学,英国,王尔德,小说,唯美,道连·葛雷的画像,西方文学,Wilde,"
2278790,草木芳华,"hansey,健康,艺术,青春文学,草木芳华,Alice,hansey,MiMZii,"
2286313,九州·缥缈录Ⅳ·辰月之征,"江南,九州·缥缈录Ⅳ·辰月之征,缥缈录,九州,江南,"
1903164,ABC谋杀案,",英,阿加莎,克里斯蒂,旅行,ABC谋杀案,"
1704006,边城浪子,"古龙,古龙,古龙,小说,情感,金庸,边城浪子,"
1063796,小说的艺术,",捷克,米兰,昆德拉,小说,历史,小说,小说,小说,小说的艺术,"
1341035,痛快日记,"蔡康永,生活,生活,痛快日记,"
1083762,人类的群星闪耀时,",奥地利,斯蒂芬,茨威格,历史,人类的群星闪耀时,"
3800166,盗墓笔记5,"南派三叔,盗墓笔记5,"
1010472,安娜·卡列尼娜,",俄,列夫,托尔斯泰,爱情,心理,小说,社会,安娜·卡列尼娜,"
3880832,认得几个字,"张大春,生活,历史,人文,情感,教育,认得几个字,"
1275907,八十天环游地球,",法,儒勒,凡尔纳,旅行,八十天环游地球,"
3995799,蚁族,"廉思,广告,营销,青春,社会,蚁族,"
1059769,从优秀到卓越,",美,吉姆,柯林斯,从优秀到卓越,"
2242461,预知梦,",日本,东野圭吾,小说,推理小说,预知梦,"
3662581,巫言,"朱天文,小说,生活,女性,巫言,朱天文,"
4038164,小时代2.0虚铜时代,"郭敬明,经济,校园,职场,爱情,社会,广告,职场,爱情,生活,小时代2.0虚铜时代,"
1437131,80℃ 第1、2册,"姚非拉,爱情,80℃第1、2册,漫画。,"
3442373,二人证据,",匈牙利,雅歌塔,克里斯多夫,文学,二人证据,小说,"
1006770,卡尔维诺文集,",意,伊塔洛,卡尔维诺,童话,童话,生活,卡尔维诺文集,"
2038238,戒音,"由貴香織里,戒音,"
1005492,光荣与梦想,",美国,威廉,曼彻斯特,政治,经济,文化,社会,生活,历史,经济,社会,流行,光荣与梦想,光荣与梦想,"
1083290,爱尔兰咖啡,"郭莉玲,小说,小说,艺术,爱尔兰咖啡,"
3101457,紫阳花日记,",日,渡边淳一,情感,生活,生活,生活,紫阳花日记,"
1006341,红粉,"苏童,红粉,苏童,"
3901238,历史是个什么玩意儿1,"袁腾飞,历史,历史,历史,历史,历史,历史是个什么玩意儿1,袁腾飞,"
2136140,雨季不再来,"三毛,三毛,三毛,成长,三毛,成长,成长,雨季不再来,"
1034279,果壳中的宇宙,",英,史蒂芬,霍金,果壳中的宇宙,"
1441853,伯里曼人体结构绘画教学,",美,乔治,伯里曼,绘画,绘画,伯里曼人体结构绘画教学,"
1062991,北京法源寺,"李敖,小说,小说,小说,小说,小说,北京法源寺,"
1420368,裂锦,"思存,情感,爱情,爱情,爱情,生活,裂锦,"
1928171,足球小将,"高桥阳一,足球小将,"
1908517,思无邪,"安意如,思无邪,安意如,诗词,思无邪,"
3055316,第十三个故事,",英,戴安娜,赛特菲尔德,传记,第十三个故事,"
1876333,没有国家的人,",美,库尔特,冯内古特,小说,随笔,政治,历史,政治,历史,社会,思想,没有国家的人,"
1006646,幻城,"郭敬明,韩寒,郭敬明,青春,小说,幻城,"
1017749,乱世佳人,",美国,玛格丽特,米切尔,爱情,乱世佳人,"
1009938,封神演义,"许仲琳,历史,鲁迅,小说,封神演义,"
1205394,红与黑,"斯丹达尔,红与黑,"
1468393,无限近似于透明的蓝,",日,村上龙,生活,社会,无限近似于透明的蓝,"
1082369,滚滚红尘,"三毛,三毛,电影,近代史,三毛,滚滚红尘,"
1010204,宽容,",美,房龙,生活,生活,生活,宽容,"
1042434,安妮日记,"安妮,弗兰克,生活,情感,成长,社会,生活,成长,生活,安妮日记,"
1382834,溫柔的夜,"三毛,三毛,溫柔的夜,"
1209078,魔戒,",英,托尔金,奇幻,文学,魔幻,社会,历史,历史,魔戒,"
2359212,文化@私生活,"王小峰,文化,文化,文化,生活,文化,电影,文化,文化,生活,文化,文化@私生活,文化@私生活,王小峰,随笔,"
1791390,Hunter X Hunter,"富坚义博YoshihiroTogashi,HunterXHunter,富坚义博,"
3225748,路上有惊慌,"饭饭,散文,生活,路上有惊慌,"
1975809,海上牧云记,"今何在,海上牧云记,九州,今何在,海上牧云记,"
1006737,米,"苏童,历史,小说,米,"
1464442,道路与梦想,"王石缪川,成长,社会,成长,成长,成长,道路与梦想,"
1041993,中国少年儿童百科全书,"林崇德,教育,教育,社会,流行,成长,政治,经济,军事,科技,文化,艺术,宗教,中国少年儿童百科全书,科普,"
1073349,写在人生边上 人生边上的边上 石语,"钱锺书,文化,文学,写在人生边上人生边上的边上石语,钱钟书,随笔,写在人生边上,中国文学,经典,散文,钱锺书,"
2081509,女心理师,"毕淑敏,心理,心理,心理,爱情,心理,心理,心理学,心理,心理,情感,心理,心理,心理学,心理,成长,心理,情感,心理,女心理师,"
1033790,狼的诱惑,",韩国,可爱淘,生活,校园,小说,小说,小说,爱情,电影,电影,狼的诱惑,"
1045352,二十首情诗与绝望的歌,",智利,巴勃罗,聂鲁达,诗歌,二十首情诗与绝望的歌,"
3597938,A型人说明书 & B型人说明书,",日,雅梅雅梅,生活,职场,A型人说明书&B型人说明书,"
1016631,西厢记,"王实甫,爱情,生活,爱情,生活,生活,女性,青春,女性,思想,生活,心理,艺术,爱情,爱情,社会,社会,爱情,社会,心理,爱情,爱情,心理,女性,爱情,爱情,健康,社会,西厢记,古典文学,"
1200842,尘埃落定,"阿来,小说,尘埃落定,"
1010898,格列佛游记,",英,乔纳森,斯威夫特,小说,社会,政治,社会,政治,思想,社会,生活,文学,生活,社会,生活,科学,建筑,数学,格列佛游记,"
1772786,真名实姓,",美,弗诺,文奇等,科幻,经典,科幻,科幻,科幻小说,真名实姓,"
1035614,下楼谈恋爱,"刘若英,电影,爱情,下楼谈恋爱,"
3266345,三杯茶,",美,葛瑞格,摩顿森,生活,教育,社会,三杯茶,小说,"
1005576,影响力,",美,罗伯特,B,西奥迪尼,社会,心理,影响力,心理学,"
1060723,重返普罗旺斯,",英,彼得,梅尔,重返普罗旺斯,旅行,生活,"
1016058,我们不是天使,"亦舒,社会,健康,我们不是天使,亦舒,"
1026655,相约星期二,",美,米奇,阿尔博姆,社会学,心理,社会学,余秋雨,相约星期二,相约星期二,"
3123393,遇见心想事成的自己,"张德芬,生活,遇见心想事成的自己,张德芬,"
2064450,大败局Ⅱ,"吴晓波,创业,设计,商业,大败局Ⅱ,"
4067621,暗黑童话,",日,乙一,童话,暗黑童话,"
1428691,GON,"田中政志,漫画,漫画,生活,漫画,漫画,漫画,文化,GON,"
1467022,上帝掷骰子吗,"曹天元,社会,历史,穿越,科学,上帝掷骰子吗,"
1918720,毒藥伯爵,"由贵香织里,毒藥伯爵,"
3864342,69,",日,村上龙,文化,电影,文化,校园,生活,青春,小说,电影,电影,青春,电影,69,"
3699108,我的错都是大人的错,"幾米绘,几米,几米,几米,几米,奇幻,我的错都是大人的错,"
1051663,61×57,"王文华,爱情,生活,爱情,爱情,爱情,爱情,61×57,"
1864849,小S之怀孕日记,"徐熙娣,小S之怀孕日记,"
1054917,沧浪之水,"阎真,沧浪之水,"
1015398,卡尔维诺文集,",意,伊塔洛,卡尔维诺,小说,生活,社会,生活,小说,成长,小说,文学,卡尔维诺文集,"
1317301,生命中不能承受之輕,"米兰,昆德拉MilanKundera,艺术,电影,生活,电影,小说,散文,小说,散文,生命中不能承受之輕,生命中不能承受之轻,米兰·昆德拉,经典,"
3890174,信,"东野圭吾,社会,社会,小说,成长,小说,社会,小说,信,"
1752755,第九个寡妇,"严歌苓,历史,文学,小说,小说,文化,心理,政治,历史,历史,第九个寡妇,严歌苓,"
4264003,名侦探的守则,",日,东野圭吾,推理小说,推理,推理,推理小说,推理小说,小说,推理小说,名侦探的守则,"
2377012,聆听父亲,"张大春,散文,历史,文化,文化,历史,小说,小说,文化,文化,聆听父亲,"
1409771,荒村归来,"蔡骏,悬疑,历史,推理,荒村归来,"
2381950,论摄影,",美国,苏珊,桑塔格,摄影,文化,摄影,文化,摄影,摄影,艺术,摄影,绘画,摄影,摄影,摄影,摄影,摄影,摄影,论摄影,"
1949121,白色城堡,",土耳其,奥尔罕,帕慕克,生活,白色城堡,外国文学,"
1980436,流言,"张爱玲,张爱玲,随笔,张爱玲,张爱玲,生活,张爱玲,张爱玲,绘画,张爱玲,流言,"
1017818,观看之道,",英国,约翰,伯格,艺术,艺术,社会,艺术,政治,女性,广告,观看之道,"
1471701,梦里花落知多少,"三毛,梦里花落知多少,"
1456183,我的帝王生涯,"苏童,历史,小说,历史,生活,政治,小说,我的帝王生涯,"
1814127,樱兰高校男公关部 vol.02,"叶鸟螺子,樱兰高校男公关部vol.02,"
1044772,雷雨,"曹禺,文学,文学,雷雨,"
1470133,福星小子 1,"高橋留美子,漫画,爱情,生活,福星小子1,"
1442620,和空姐同居的日子,"三十,生活,爱情,健康,爱情,和空姐同居的日子,"
1336330,冰与火之歌,",美,乔治,R,R,马丁乔治,马丁,科幻,奇幻,奇幻,文学,社会,奇幻,奇幻,文学,历史,宗教,历史,小说,历史,小说,历史,小说,奇幻,文学,奇幻,奇幻,思想,奇幻,奇幻,奇幻,文学,奇幻,文学,文学,奇幻,奇幻,小说,奇幻,冰与火之歌,奇幻,"
3347997,X的悲剧,",美国,埃勒里,奎因,X的悲剧,推理,埃勒里·奎因,"
1470159,流金岁月,",加拿大,亦舒,社会,生活,生活,流金岁月,"
1050349,上海的金枝玉叶,"陈丹燕,上海的金枝玉叶,陈丹燕,"
1463013,玛格丽特的秘密,"蔡骏,悬疑,玛格丽特的秘密,"
1427302,罗生门,",日,芥川龙之介,罗生门,"
3131048,目送,"龍應台,散文,青春,散文,生活,目送,台湾,龙应台,散文,眼眶紅了,"
1049584,北京法源寺,"李敖,小说,小说,小说,文学,思想,小说,北京法源寺,小说,2007,"
2377002,和我们的女儿谈话,"王朔,小说,生活,和我们的女儿谈话,"
2277795,邮差,",智利,安东尼奥,斯卡尔梅达,邮差,"
1064862,男生贾里  女生贾梅,"秦文君,文化,儿童文学,儿童文学,电影,儿童文学,男生贾里女生贾梅,校园,童年,青春,中国,儿童文学,小说,童书,中国文学,男生贾里,秦文君,"
1088472,首届全国新概念作文大赛获奖作品选,"作家出版社,首届全国新概念作文大赛获奖作品选,"
1906681,猎人们,"朱天心,社会,生活,传记,猎人们,"
3087020,清醒纪,"安妮宝贝,小说,小说,散文,清醒纪,安妮宝贝,"
1061242,写在人生边上,"钱钟书,散文,写在人生边上,"
2149669,设计东京,"吴东龙,设计,设计,设计,设计,设计,设计,文化,设计,设计,文化,设计,设计,艺术,建筑,设计,设计,设计,设计,设计,设计,设计,设计,艺术,设计,设计,设计,设计,设计,经典,设计,设计,设计,设计东京,"
1083003,尘埃落定,"阿来,小说,尘埃落定,阿来,"
3018339,万物生长,"冯唐,成长,成长,生活,成长,小说,青春,王小波,王朔,青春,万物生长,"
1032547,47楼207,"孔庆东,47楼207,"
1489555,寂寞空庭春欲晚,"匪我思存,寂寞空庭春欲晚,"
1793713,中国北方的情人,",法国,玛格丽特,杜拉斯,杜拉斯,杜拉斯,中国北方的情人,"
1433379,看上去很美,"王朔,王朔,小说,王朔,王朔,看上去很美,"
2376336,未央歌,"鹿桥,小说,小说,青春,校园,爱情,校园,未央歌,"
2042241,魔法騎士,"CLAMP,魔法騎士,"
1480980,糖,"棉棉,糖,小说,中国,"
1418707,Goth.斷掌事件,",日本,乙一,Goth.斷掌事件,乙一,推理,"
1203258,巴黎圣母院,"雨果,小说,小说,巴黎圣母院,"
1159949,杰克·韦尔奇自传,",美,杰克,韦尔奇,JackWelch,约翰,拜恩,JohnA,Byrne,none,历史,管理,思想,杰克·韦尔奇自传,"
2158194,且听风吟,",日,村上春树,村上春树,且听风吟,"
1082172,蝴蝶过期居留,"张小娴,蝴蝶过期居留,"
3886010,我爱问连岳Ⅲ,"连岳,情感,爱情,数学,爱情,教育,我爱问连岳Ⅲ,"
1793807,火盃的考驗,",英,J,K,罗琳,火盃的考驗,"
4149893,每天懂一点好玩心理学,",日,原田玲仁,心理学,心理,心理学,每天懂一点好玩心理学,"
1478487,曼珠沙华,"沧月,曼珠沙华,沧月,"
1322342,花常好月常圆人长久,"亦舒,生活,花常好月常圆人长久,亦舒,"
3187750,斜屋犯罪,",日,岛田庄司,建筑,斜屋犯罪,岛田庄司,"
2977174,N.世界,"年年,生活,生活,成长,N.世界,"
1337279,闇之聲,"伊藤潤二,闇之聲,"
2174013,国境以南 太阳以西,",日,村上春树,国境以南太阳以西,"
1039460,美国纽约摄影学院摄影教材,"美国纽约摄影学院,美国纽约摄影学院摄影教材,"
1005193,重新认识你自己,",印,克里希那穆提,重新认识你自己,克里希那穆提,哲学,"
3622904,不抱怨的世界,",美,威尔,鲍温,生活,生活,不抱怨的世界,"
1045653,心碎你好,"石康,青春,小说,小说,小说,青春,社会,女性,爱情,小说,心碎你好,"
3683898,向日葵不开的夏天,",日,道尾秀介,向日葵不开的夏天,道尾秀介,"
1022632,罪与罚,",俄,陀思妥耶夫斯基,社会,心理,小说,小说,罪与罚,"
1794333,再錯也要談戀愛,"蔡康永,爱情,爱情,爱情,爱情,再錯也要談戀愛,"
1458188,人魚之森,"高橋留美子,人魚之森,"
2086633,盛夏光年,"王纪尧,成长,盛夏光年,台湾,小说,"
1337292,倚天屠龍記,"金庸,倚天屠龍記,"
2170341,白木蘭圓舞曲 01,"齋藤千穗,白木蘭圓舞曲01,"
1436707,如何掌控自己的时间和生活,",美,阿兰,拉金,生活,管理,如何掌控自己的时间和生活,2007,入世,"
1522230,魔影紫光,"筱原千绘,魔影紫光,"
1001377,月亮忘记了,"幾米,幾米,月亮忘记了,"
1258489,第二基地,",美,艾萨克,阿西莫夫,第二基地,"
1027587,恶之花 巴黎的忧郁,",法国,夏尔,波德莱尔,社会,诗歌,艺术,思想,恶之花巴黎的忧郁,"
2317974,德川家康,",日,山冈庄八,历史,德川家康,"
1566311,第一次亲密接触,"蔡智恒,青春,第一次亲密接触,"
